round,n1,n2,n3,n4,n5,n6,bonus,count1,prize1,sales,draw_date
1224,9,18,21,27,44,45,28,12,2414855250,121110408000,2026-05-16
1225,8,9,19,25,41,42,33,13,2228133087,120402887000,2026-05-23
1226,4,6,13,17,26,28,41,10,2815230113,120259943000,2026-05-30
1227,1,14,16,34,41,44,13,11,2674808455,118882558000,2026-06-06
1228,24,29,30,31,35,44,1,11,2698334421,119052273000,2026-06-13
1229,12,13,29,34,37,42,16,8,3519759000,116155532000,2026-06-20
1230,3,8,9,22,28,42,45,16,1771357196,120177677000,2026-06-27
1231,4,13,14,18,31,38,15,17,1652990074,118084580000,2026-07-04
1232,12,15,19,22,24,36,3,11,2533260819,114636304000,2026-07-11
1233,2,7,20,25,37,40,29,31,837965396,116159776000,2026-07-18
1234,1,15,19,31,35,43,27,18,1595129563,115990429000,2026-07-25
1235,6,7,11,15,39,43,20,9,3090961625,115445069000,2026-08-01
1236,12,18,21,29,34,38,10,11,2441919375,114070835000,2026-08-08
1237,10,20,23,34,37,40,36,23,1214932680,118363161000,2026-08-15
1238,2,13,18,32,38,42,22,23,1197258718,114537798000,2026-08-22
1239,11,13,22,32,33,36,8,13,2214789375,117767285000,2026-08-29
1240,11,13,19,20,31,44,27,16,1791817758,118165321000,2026-09-05
1241,7,13,16,23,24,43,9,18,1628391980,121918085000,2026-09-12
1242,2,4,10,16,31,41,9,9,3281029250,122573852000,2026-09-19
1243,9,18,24,38,43,44,35,12,2592525282,128926419000,2026-09-26
