round,n1,n2,n3,n4,n5,n6,bonus,prize1,count1,prize2,count2
1,10,23,29,33,37,40,16,0,0,143934100,1
2,9,13,21,25,32,42,2,2002006800,1,94866800,2
3,11,16,19,21,27,31,30,2000000000,1,0,0
4,14,27,30,31,40,42,2,0,0,211191200,1
5,16,24,29,40,41,42,3,0,0,0,0
6,14,15,26,27,40,42,34,6574451700,1,196297600,3
7,2,9,16,25,26,40,42,0,0,48165000,9
8,8,19,25,34,37,39,9,0,0,131555000,6
9,2,4,16,17,36,39,14,0,0,769456500,4
10,9,25,30,33,41,44,6,6430437900,13,40813400,236
11,1,7,36,37,41,42,14,4780152300,5,362132700,11
12,2,11,21,25,39,45,44,1348845700,12,99914400,27
13,22,23,25,37,38,42,26,0,0,433309300,6
14,2,6,12,31,33,40,15,9375048300,4,130363400,28
15,3,4,16,30,31,37,13,17014245000,1,177231700,16
16,6,7,24,37,38,40,33,4377146100,4,243174700,12
17,3,4,9,17,32,37,1,5349491200,3,297193900,9
18,3,12,13,19,32,35,29,0,0,175017300,15
19,6,30,38,39,40,43,26,40722959400,1,297278500,14
20,10,14,18,20,23,30,41,19352212800,1,230383400,14
21,6,12,17,18,31,32,21,797475400,23,117576500,26
22,4,5,6,8,17,39,25,4552194900,4,94837300,32
23,5,13,17,18,33,42,44,4317947700,4,125157900,23
24,7,8,27,29,36,43,6,0,0,176023700,18
25,2,4,21,26,43,44,16,24227745300,2,175267400,28
26,4,5,7,18,20,25,31,3495069900,5,74680900,39
27,1,20,26,28,37,43,27,9543982500,2,198832900,16
28,9,18,23,25,35,37,1,1700361100,10,128815200,22
29,1,5,13,34,39,40,11,3552594000,5,174146700,17
30,8,17,20,35,36,44,4,8728555500,2,132250800,22
31,7,9,18,23,28,35,32,8106672900,2,93180100,29
32,6,14,19,25,34,44,11,1634528300,10,55596200,49
33,4,7,32,33,40,41,9,14903517600,1,60583400,41
34,9,26,35,37,40,42,2,3056918000,5,56609500,45
35,2,3,11,26,37,43,39,5054598200,3,105304100,24
36,1,10,23,26,28,40,31,16014475800,1,140477800,19
37,7,27,30,33,35,37,42,4985999400,3,124649900,20
38,16,17,22,30,37,43,36,5374866400,3,149301800,18
39,6,7,13,15,21,43,8,2623748800,6,104949900,25
40,7,13,18,19,25,26,6,1147652400,13,56513100,44
41,13,20,23,35,38,43,34,0,0,109404000,21
42,17,18,19,21,23,32,1,6899280100,6,131479800,35
43,6,31,35,38,39,44,1,17749630800,1,140870000,21
44,3,11,21,30,38,45,39,3362155800,5,121817200,23
45,1,10,20,27,33,35,17,8356417800,2,103165600,27
46,8,13,15,23,31,38,39,5327758800,3,68304600,39
47,14,17,26,31,36,45,27,3250042400,5,246215300,11
48,6,10,18,26,37,38,3,2415673600,6,96626900,25
49,4,7,16,19,33,40,30,1967504600,7,46845300,49
50,2,10,12,15,22,44,1,5227061400,3,186680700,14
51,2,3,11,16,26,44,35,2421117000,6,93119800,26
52,2,4,15,16,20,29,1,3900844900,4,200043300,13
53,7,8,14,32,33,39,42,5014371000,3,100287400,25
54,1,8,21,27,36,39,37,5148626600,3,171620800,15
55,17,21,31,37,40,44,7,7088799600,2,98455500,24
56,10,14,30,31,33,37,19,3777570900,4,86840700,29
57,7,10,16,25,29,44,6,4114411900,4,109717600,25
58,10,24,25,33,40,44,1,3676429200,4,62844900,39
59,6,29,36,39,41,45,13,4127587300,4,119640200,23
60,2,8,25,36,39,42,11,2172504600,7,93873600,27
61,14,15,19,30,38,43,8,3541038800,5,268260500,11
62,3,8,15,27,29,35,21,15817286400,1,119827900,22
63,3,20,23,36,38,40,5,7922245500,2,101567200,26
64,14,15,18,21,26,36,39,3899818000,4,236352600,11
65,4,25,33,36,40,43,39,3727945800,4,92048000,27
66,2,3,7,17,22,24,45,3685138200,4,129303000,19
67,3,7,10,15,36,38,33,2114436500,7,39787700,62
68,10,12,15,16,26,39,38,2945882100,5,122745000,20
69,5,8,14,15,19,39,35,4962712200,3,124067800,20
70,5,19,22,25,28,43,26,5031277800,3,179688400,14
71,5,9,12,16,29,41,21,0,0,88745200,28
72,2,4,11,17,26,27,1,3260524600,13,104081800,44
73,3,12,18,32,40,43,38,2766662100,6,106410000,26
74,6,15,17,18,35,40,23,5284949800,3,66061800,40
75,2,5,24,32,34,44,28,3914616900,4,137354900,19
76,1,3,15,22,25,37,43,7451022600,2,146098400,17
77,2,18,29,32,43,44,37,5155758600,3,135677800,19
78,10,13,25,29,33,35,38,3519850000,4,106662100,22
79,3,12,24,27,30,32,14,3416443800,4,73471910,31
80,17,18,24,25,26,30,1,13809540000,1,143849375,16
81,5,7,11,13,20,33,6,2714288880,5,113095370,20
82,1,2,3,14,27,42,39,14562494400,1,121354120,20
83,6,10,15,17,19,34,14,7086948300,2,157487740,15
84,16,23,27,34,42,45,11,7669779000,2,150387824,17
85,6,8,13,23,31,36,21,3462109800,4,74453975,31
86,2,12,37,39,41,45,33,14252186400,1,148460275,16
87,4,12,16,23,34,43,26,1799358055,11,99964337,33
88,1,17,20,24,30,41,27,3069709650,4,66015262,31
89,4,26,28,29,33,40,37,4248321900,3,70805365,30
90,17,20,29,35,38,44,10,3291435300,4,64537948,34
91,1,21,24,26,29,42,27,3582902400,4,74643800,32
92,3,14,24,33,35,36,17,1233270846,11,45219931,50
93,6,22,24,36,38,44,19,2269178150,6,87276083,26
94,5,32,34,40,41,45,6,2245339950,6,59087894,38
95,8,17,27,31,34,43,14,1747741238,8,48548368,48
96,1,3,8,21,22,31,20,1847133515,7,56710240,38
97,6,7,14,15,20,36,3,1496214000,9,48789587,46
98,6,9,16,23,24,32,43,3177972300,4,47081072,45
99,1,3,10,27,29,37,11,2169219050,6,54230477,40
100,1,7,11,23,37,42,6,3315315525,4,61394732,36
101,1,3,17,32,35,45,8,2707297500,5,59370560,38
102,17,22,24,26,35,40,42,1457153067,9,91072067,24
103,5,14,15,27,30,45,10,1691589563,8,59354020,38
104,17,32,33,34,42,44,35,6610743750,2,95807881,23
105,8,10,20,34,41,45,28,3416781450,4,87609781,26
106,4,10,12,22,24,33,29,810461157,16,54030744,40
107,1,4,5,6,9,31,17,6679927800,2,63618360,35
108,7,18,22,23,29,44,12,1998900772,7,56879291,41
109,1,5,34,36,42,44,33,1246838200,12,80441175,31
110,7,20,22,23,29,43,1,4566262000,3,60082395,38
111,7,18,31,33,36,40,27,2199047450,6,43118578,51
112,26,29,30,33,41,42,43,1567271167,9,73465836,32
113,4,9,28,33,36,45,26,1561528934,9,54471940,43
114,11,14,19,26,28,41,2,2362345050,6,57618172,41
115,1,2,6,9,25,28,31,1488589567,9,65673070,34
116,2,4,25,31,34,37,17,1997747315,7,41619736,56
117,5,10,22,34,36,44,35,1558378334,9,46751350,50
118,3,4,10,17,19,22,38,1297989720,10,52763810,41
119,3,11,13,14,17,21,38,1474899400,9,45149982,49
120,4,6,10,11,32,37,30,4364530300,3,70395650,31
121,12,28,30,34,38,43,9,6839648100,2,73544604,31
122,1,11,16,17,36,40,8,1450073800,9,57239756,38
123,7,17,18,28,30,45,27,2532982680,5,55547866,38
124,4,16,23,25,29,42,1,1395936267,9,56592011,37
125,2,8,32,33,35,36,18,1754870786,7,56870813,36
126,7,20,22,27,40,43,1,1369301500,9,58684350,35
127,3,5,10,29,32,43,35,1965939150,6,45719516,43
128,12,30,34,36,37,45,39,2064043100,6,89741005,23
129,19,23,25,28,38,42,17,1093629655,11,40099754,50
130,7,19,24,27,42,45,31,3036496650,4,67477704,30
131,8,10,11,14,15,21,37,1451214488,8,58634929,33
132,3,17,23,34,41,45,43,2920473525,4,57264187,34
133,4,7,15,18,23,26,13,1450242600,8,37914840,51
134,3,12,20,23,31,35,43,2349155100,5,39152585,50
135,6,14,22,28,35,39,16,1717293515,7,71553897,28
136,2,16,30,36,41,42,11,1997694150,6,76834391,26
137,7,9,20,25,36,39,15,1270403467,9,47640130,40
138,10,11,27,28,37,39,19,2227152000,5,57998750,32
139,9,11,15,20,28,43,13,1650210215,7,68758759,28
140,3,13,17,18,19,28,8,2109462840,5,51702521,34
141,8,12,29,31,42,43,2,1900552400,6,65536290,29
142,12,16,30,34,40,44,19,1018265564,11,66672150,28
143,26,27,28,42,43,45,8,3954584700,3,56494068,35
144,4,15,17,26,36,37,43,1402440413,8,49208436,38
145,2,3,13,20,27,44,9,3797838200,3,49971556,38
146,2,19,27,35,41,42,25,6043415250,2,59249170,34
147,4,6,13,21,40,42,36,1700040215,7,56668008,35
148,21,25,33,34,35,36,17,2323596420,5,55323725,35
149,2,11,21,34,41,42,27,1639052143,7,44470407,43
150,2,18,25,28,37,39,16,2831645850,4,41038346,46
151,1,2,10,13,18,19,15,2716634025,4,40246430,45
152,1,5,13,26,29,34,43,2278131840,5,63281440,30
153,3,8,11,12,13,36,33,2730526125,4,35006746,52
154,6,19,21,35,40,45,20,2836628700,4,59096432,32
155,16,19,20,32,33,41,4,1193005734,9,48365098,37
156,5,18,28,30,42,45,2,1401099900,8,62271107,30
157,19,26,30,33,35,39,37,5484903750,2,65296474,28
158,4,9,13,18,21,34,7,1069544340,10,39612754,45
159,1,18,30,41,42,43,32,1755407300,6,73141971,24
160,3,7,8,34,39,41,1,5490805350,2,57195890,32
161,22,34,36,40,42,45,44,1996876272,7,33275487,63
162,1,5,21,25,38,41,24,2308265760,5,58289540,33
163,7,11,26,28,29,44,16,1629726515,7,40454205,47
164,6,9,10,11,39,41,27,4054937900,3,51986384,39
165,5,13,18,19,22,42,31,6767426700,2,56395223,40
166,9,12,27,36,39,45,14,1111299982,11,72763690,28
167,24,27,28,30,36,39,4,2491222920,5,57667198,36
168,3,10,31,40,42,43,30,2349946920,5,36264613,54
169,16,27,35,37,43,45,19,2482888380,5,66744312,31
170,2,11,13,15,31,42,10,1923108250,6,71226232,27
171,4,16,25,29,34,35,1,1961339700,6,103228406,19
172,4,19,21,24,26,41,35,1081154073,11,104321885,19
173,3,9,24,30,33,34,18,1487736788,8,31486493,63
174,13,14,18,22,35,39,16,1771103058,7,79472574,26
175,19,26,28,31,33,36,17,2371132620,5,41165497,48
176,4,17,30,32,33,34,15,2314663080,5,48222148,40
177,1,10,13,16,37,43,6,1693285500,7,65849992,30
178,1,5,11,12,18,23,9,2254621080,5,42701157,44
179,5,9,17,25,39,43,32,1081093920,10,33996665,53
180,2,15,20,21,29,34,22,5763371550,2,54889253,35
181,14,21,23,32,40,45,44,1941763300,6,80906805,24
182,13,15,27,29,34,40,35,3721439400,3,42289085,44
183,2,18,24,34,40,42,5,1777221500,6,71088860,25
184,1,2,6,16,20,33,41,1747753050,6,56379131,31
185,1,2,4,8,19,38,14,3522485800,3,51801262,34
186,4,10,14,19,21,45,9,1187882600,9,38735303,46
187,1,2,8,18,29,38,42,1544733900,7,94852082,19
188,19,24,27,30,31,34,36,3501405200,3,53051594,33
189,8,14,32,35,37,45,28,3461775100,3,52451138,33
190,8,14,18,30,31,44,15,1784159450,6,54065438,33
191,5,6,24,25,32,37,8,2577114675,4,74698977,23
192,4,8,11,18,37,45,33,2445348375,4,42900849,38
193,6,14,18,26,36,39,13,3404449700,3,85111243,20
194,15,20,23,26,39,44,28,2650567875,4,84145012,21
195,7,10,19,22,35,40,31,918992591,11,25527572,66
196,35,36,37,41,44,45,30,727876520,15,67395975,27
197,7,12,16,34,42,45,4,1803018300,6,42929008,42
198,12,19,20,25,41,45,2,1797855050,6,71914202,25
199,14,21,22,25,30,36,43,5344252200,2,77452931,23
200,5,6,13,14,17,20,7,1344616613,8,30910727,58
201,3,11,24,38,39,44,26,9719465400,1,43781376,37
202,12,14,27,33,39,44,17,1893391700,6,47334793,40
203,1,3,11,24,30,32,7,2164564740,5,41948930,43
204,3,12,14,35,40,45,5,1358347125,8,78744761,23
205,1,3,21,29,35,37,30,1835221800,6,87391515,21
206,1,2,3,15,20,25,43,2032859340,5,47056930,36
207,3,11,14,31,32,37,38,2104673760,5,47402563,37
208,14,25,31,34,40,44,24,1760767400,6,51787277,34
209,2,7,18,20,24,33,37,1660896350,6,48849893,34
210,10,19,22,23,25,37,39,5139085950,2,37239754,46
211,12,13,17,20,33,41,8,1035800250,10,59528750,29
212,11,12,18,21,31,38,8,2660747250,4,49273098,36
213,2,3,4,5,20,24,42,1376678025,8,55623355,33
214,5,7,20,25,28,37,32,1406980875,8,52110403,36
215,2,3,7,15,43,44,4,1587689615,7,57884518,32
216,7,16,17,33,36,40,1,848506108,13,29181427,63
217,16,20,27,33,35,39,38,1611246172,7,64820249,29
218,1,8,14,18,29,44,20,2779075800,4,71258354,26
219,4,11,20,26,35,37,16,1208409167,9,44210092,41
220,5,11,19,21,34,43,31,1958094950,6,69931963,28
221,2,20,33,35,37,40,10,1800104250,6,40911461,44
222,5,7,28,29,39,43,44,2275193820,5,57454390,33
223,1,3,18,20,26,27,38,1498170600,7,44817070,39
224,4,19,26,27,30,42,7,1808969950,6,69575768,26
225,5,11,13,19,31,36,7,1777201800,6,43346386,41
226,2,6,8,14,21,22,34,1744100150,6,45897373,38
227,4,5,15,16,22,42,2,5253542400,2,72965867,24
228,17,25,35,36,39,44,23,1146700334,9,44103859,39
229,4,5,9,11,23,38,35,1451441100,7,62716591,27
230,5,11,14,29,32,33,12,1292929163,8,68956222,25
231,5,10,19,31,44,45,27,1088365900,9,85923624,19
232,8,9,10,12,24,44,35,1110918400,9,92576534,18
233,4,6,13,17,28,40,39,999153750,10,64048318,26
234,13,21,22,24,26,37,4,2519743875,4,73036055,23
235,21,22,26,27,31,37,8,3433330100,3,59195347,29
236,1,4,8,13,37,39,7,5030040150,2,40894636,41
237,1,11,17,21,24,44,33,1440630729,7,43095792,39
238,2,4,15,28,31,34,35,1121660567,9,58016926,29
239,11,15,24,39,41,44,7,1134140167,9,58662423,29
240,6,10,16,40,41,43,21,5098251450,2,60693470,28
241,2,16,24,27,28,35,21,2552016300,4,50039536,34
242,4,19,20,21,32,34,43,1234542375,8,45723792,36
243,2,12,17,19,28,42,34,2408850000,4,55375863,29
244,13,16,25,36,37,38,19,9121583100,1,60810554,25
245,9,11,27,31,32,38,22,1382583129,7,46086105,35
246,13,18,21,23,26,39,15,1911774240,5,61274816,26
247,12,15,28,36,39,40,13,1669313900,6,57562549,29
248,3,8,17,23,38,45,13,1227479363,8,71158224,23
249,3,8,27,31,41,44,11,1663568700,6,57364438,29
250,19,23,30,37,43,45,38,1994726280,5,97780700,17
251,6,7,19,25,28,38,45,1282616400,8,42753880,40
252,14,23,26,31,39,45,28,1391089715,7,67622417,24
253,8,19,25,31,34,36,33,2466189525,4,82206318,20
254,1,5,19,20,24,30,27,9741015900,1,49197050,33
255,1,5,6,24,27,42,32,1598618550,6,122970658,13
256,4,11,14,21,23,43,32,4891017000,2,47951148,34
257,6,13,27,31,32,37,4,2391377025,4,88569520,18
258,14,27,30,31,38,40,17,2426434350,4,57772247,28
259,4,5,14,35,42,45,34,4838533500,2,64513780,25
260,7,12,15,24,37,40,43,2310085575,4,59232964,26
261,6,11,16,18,31,43,2,3192299100,3,49879674,32
262,9,12,24,25,29,31,36,4518741600,2,71726058,21
263,1,27,28,32,37,40,18,1551704900,6,57470552,27
264,9,16,27,36,41,44,5,1344889200,7,58112497,27
265,5,9,34,37,38,39,12,1200838575,8,84269374,19
266,3,4,9,11,22,42,37,3207211700,3,44544607,36
267,7,8,24,34,36,41,1,3257663300,3,58172559,28
268,3,10,19,24,32,45,12,1350954515,7,45031818,35
269,5,18,20,36,42,43,32,1961399940,5,74295453,22
270,5,9,12,20,21,26,27,1927830060,5,50203908,32
271,3,8,9,27,29,40,36,1565918150,6,55925649,28
272,7,9,12,27,39,43,28,1104622800,9,42485493,39
273,1,8,24,31,34,44,6,3339543100,3,79512931,21
274,13,14,15,26,35,39,25,2505085575,4,45136678,37
275,14,19,20,35,38,40,26,10044066900,1,88105850,19
276,4,15,21,33,39,41,25,3312569000,3,53428533,31
277,10,12,13,15,25,29,20,3272627800,3,52784320,31
278,3,11,37,39,41,43,13,3186530000,3,59009815,27
279,7,16,31,36,37,38,11,1914205320,5,59080412,27
280,10,11,23,24,36,37,35,1355258529,7,58560554,27
281,1,3,4,6,14,41,12,1554683200,6,42018465,37
282,2,5,10,18,31,32,30,1322052643,7,48199836,32
283,6,8,18,31,38,45,42,3137224600,3,65358846,24
284,2,7,15,24,30,45,28,3117640300,3,111344297,14
285,13,33,37,40,41,45,2,3164370100,3,60853272,26
286,1,15,19,40,42,44,17,3236566300,3,59936413,27
287,6,12,24,27,35,37,41,1328657100,7,41894594,37
288,1,12,17,28,35,41,10,2357261550,4,65479488,24
289,3,14,33,37,38,42,10,0,0,63761694,24
290,8,13,18,32,39,45,7,2149214424,13,51251650,61
291,3,7,8,18,20,42,45,1450585200,7,43393575,39
292,17,18,31,32,33,34,10,720373950,14,45428988,37
293,1,9,17,21,29,33,24,1656764400,6,78893543,21
294,6,10,17,30,37,38,40,2406504975,4,61705256,26
295,1,4,12,16,18,38,8,0,0,62969875,26
296,3,8,15,27,30,45,44,3066088275,8,46243415,53
297,6,11,19,20,28,32,34,5056668750,2,60198438,28
298,5,9,27,29,37,40,19,9909778500,1,41290744,40
299,1,3,20,25,36,45,24,1483772529,7,59691999,29
300,7,9,10,12,26,38,39,836092425,12,49181908,34
301,7,11,13,33,37,43,26,1447385015,7,35927997,47
302,13,19,20,32,38,42,4,5472167250,2,41455813,44
303,2,14,17,30,38,45,43,1672749000,6,57681000,29
304,4,10,16,26,33,41,38,1661646150,6,44909356,37
305,7,8,18,21,23,39,9,2008210140,5,49220837,34
306,4,18,23,30,34,41,19,2102669520,5,76183679,23
307,5,15,21,23,25,45,12,2587643250,4,61610554,28
308,14,15,17,19,37,45,40,10232872800,1,63165882,27
309,1,2,5,11,18,36,22,901622946,11,66119016,25
310,1,5,19,28,34,41,16,1296713325,8,59619004,29
311,4,12,24,27,28,32,10,1237691063,8,38378018,43
312,2,3,5,6,12,20,25,629017820,15,27112838,58
313,9,17,34,35,43,45,2,1715422800,6,65977800,26
314,15,17,19,34,38,41,2,1660512200,6,69188009,24
315,1,13,33,35,43,45,23,1308728625,8,54530360,32
316,10,11,21,27,31,39,43,1673586400,6,57709876,29
317,3,10,11,22,36,39,8,2576258550,4,68700228,25
318,2,17,19,20,34,45,21,1207436600,9,64684104,28
319,5,8,22,28,33,42,37,2135659380,5,68450622,26
320,16,19,23,25,41,45,3,5513067900,2,73507572,25
321,12,18,20,21,25,34,42,1959136100,6,55975318,35
322,9,18,29,32,38,43,20,1904544700,6,65673956,29
323,10,14,15,32,36,42,3,1461025388,8,72149402,27
324,2,4,21,25,33,36,17,1865130350,6,46628259,40
325,7,17,20,32,44,45,33,1806122450,6,54730984,33
326,16,23,25,33,36,39,40,1832134550,6,59101115,31
327,6,12,13,17,32,44,24,882674750,12,45265372,39
328,1,6,9,16,17,28,24,1819795900,6,60659864,30
329,9,17,19,30,35,42,4,1830391200,6,55466400,33
330,3,4,16,17,19,20,23,1162280200,9,54481885,32
331,4,9,14,26,31,44,39,2165902620,5,40109308,45
332,16,17,34,36,42,45,3,1359448388,8,48989132,37
333,5,14,27,30,39,43,35,1550987143,7,50263473,36
334,13,15,21,29,39,43,33,1523002972,7,57317317,31
335,5,9,16,23,26,45,21,2037492480,5,60639658,28
336,3,5,20,34,35,44,16,1685632650,6,56187755,30
337,1,5,14,18,32,37,4,1257500513,8,50808102,33
338,2,13,34,38,42,45,16,3383431000,3,43377321,39
339,6,8,14,21,30,37,45,1096778334,9,51411485,32
340,18,24,26,29,34,38,32,1439393186,7,47979773,35
341,1,8,19,34,39,43,41,1497207772,7,52931588,33
342,1,13,14,33,34,43,25,3454095800,3,59553376,29
343,1,10,17,29,31,43,15,1717153000,6,59212173,29
344,1,2,15,28,34,45,38,1467106543,7,74418448,23
345,15,20,23,29,39,42,2,5203577550,2,45645418,38
346,5,13,14,22,44,45,33,2017727340,5,64670749,26
347,3,8,13,27,32,42,10,1456624286,7,44720922,38
348,3,14,17,20,24,31,34,3299994000,3,44594514,37
349,5,13,14,20,24,25,36,3353209000,3,45313636,37
350,1,8,18,24,29,33,35,1101052467,9,71807770,23
351,5,25,27,29,34,36,33,2583357150,4,59387521,29
352,5,16,17,20,26,41,24,1732858250,6,59753733,29
353,11,16,19,22,29,36,26,5290838250,2,60814233,29
354,14,19,36,43,44,45,1,2124464340,5,52070205,34
355,5,8,29,30,35,44,38,2145424800,5,74493917,24
356,2,8,14,25,29,45,24,1157185267,9,46912917,37
357,10,14,18,21,36,37,5,5313394350,2,65597462,27
358,1,9,10,12,21,40,37,3472654900,3,39461988,44
359,1,10,19,20,24,40,23,1286712600,8,46368022,37
360,4,16,23,25,35,40,27,3566716200,3,54041155,33
361,5,10,16,24,27,35,33,1473115115,7,50548068,34
362,2,3,22,27,30,40,29,1729424650,6,66516333,26
363,11,12,14,21,32,38,6,2615910600,4,52846679,33
364,2,5,7,14,16,40,4,2531914800,4,45620087,37
365,5,15,21,25,26,30,31,10697716800,1,50941509,35
366,5,12,19,26,27,44,38,5351553900,2,45739777,39
367,3,22,25,29,32,44,19,1581736586,7,49874578,37
368,11,21,24,30,39,45,26,1465825115,7,45003403,38
369,17,20,35,36,41,43,21,1842177750,6,59425089,31
370,16,18,24,42,44,45,17,1678941943,7,61211425,32
371,7,9,15,26,27,42,18,1524130543,7,61315597,29
372,8,11,14,16,18,21,13,1192593200,9,48348373,37
373,15,26,37,42,43,45,9,2791801125,4,64179337,29
374,11,13,15,17,25,34,26,5528717850,2,68255776,27
375,4,8,19,25,27,45,7,1581284058,7,43924558,42
376,1,11,13,24,28,40,7,1956915800,6,38370899,51
377,6,22,29,37,43,45,23,3912085400,3,88911032,22
378,5,22,29,31,34,39,43,2317698240,5,64380507,30
379,6,10,22,31,35,40,19,1598999786,7,26274645,71
380,1,2,8,17,26,37,27,2684274825,4,42607537,42
381,1,5,10,12,16,20,11,565738895,19,28895267,62
382,10,15,22,24,27,42,19,1846674900,6,57708591,32
383,4,15,28,33,37,40,25,3596522100,3,64223609,28
384,11,22,24,32,36,38,7,3658734200,3,44618710,41
385,7,12,19,21,29,32,9,1542032700,7,49973282,36
386,4,7,10,19,31,40,26,1042953330,10,29461959,59
387,1,26,31,34,40,43,20,2675533500,4,68603424,26
388,1,8,9,17,29,32,45,2545543875,4,56567642,30
389,7,16,18,20,23,26,3,2119027020,5,49051552,36
390,16,17,28,37,39,40,15,10373997900,1,46729721,37
391,10,11,18,22,28,39,30,10508749800,1,54733072,32
392,1,3,7,8,24,42,43,1713528700,6,57117624,30
393,9,16,28,40,41,43,21,1362003975,8,51885866,35
394,1,13,20,22,25,28,15,10654349100,1,53809844,33
395,11,15,20,26,31,35,7,1534635000,7,42628750,42
396,18,20,31,34,40,45,30,5296622400,2,51927671,34
397,12,13,17,22,25,33,8,3499519700,3,56443867,31
398,10,15,20,23,42,44,7,2680625550,4,57647862,31
399,1,2,9,17,19,42,20,1276854975,8,42561833,40
400,9,21,27,34,41,43,2,2669834325,4,59329652,30
401,6,12,18,31,38,43,9,1168214792,9,60424904,29
402,5,9,15,19,22,36,32,2662206188,4,43287906,41
403,10,14,22,24,28,37,26,2122396875,5,41131723,43
404,5,20,21,24,33,40,36,3566659375,3,68589604,26
405,1,2,10,25,26,44,4,3543878000,3,50626829,35
406,7,12,21,24,27,36,45,2156142450,5,54448042,33
407,6,7,13,16,24,25,1,1649707286,7,71283649,27
408,9,20,21,22,30,37,16,2235375825,5,56448885,33
409,6,9,21,31,32,40,38,2896989750,4,53647959,36
410,1,3,18,32,40,41,16,1249335709,9,50648745,37
411,11,14,22,35,37,39,5,953227563,12,52957087,36
412,4,7,39,41,42,45,40,1656199822,7,56830387,34
413,2,9,15,23,34,40,3,2814673500,4,52123584,36
414,2,14,15,22,23,44,43,11703832500,1,55732536,35
415,7,17,20,26,30,40,24,1334182407,8,50825997,35
416,5,6,8,11,22,26,44,1072037100,10,55835266,32
417,4,5,14,20,22,43,44,2818329938,4,55261372,34
418,11,13,15,26,28,34,31,1435649766,8,41613037,46
419,2,11,13,14,28,30,7,3796490750,3,57522588,33
420,4,9,10,29,31,34,27,1424856375,8,54280243,35
421,6,11,26,27,28,44,30,2321144325,5,53730193,36
422,8,15,19,21,34,44,12,2205251375,6,105011971,21
423,1,17,27,28,29,40,5,3896153875,3,41448446,47
424,10,11,26,31,34,44,30,1109480813,10,36257543,51
425,8,10,14,27,33,38,3,1534833000,8,49913269,41
426,4,17,18,27,39,43,19,3057233625,4,32351679,63
427,6,7,15,24,28,30,21,12571445625,1,63492150,33
428,12,16,19,22,37,40,8,1437683209,9,71884161,30
429,3,23,28,34,39,42,16,1485904709,9,60239381,37
430,1,3,16,18,30,34,44,1611763219,8,47755948,45
431,18,22,25,31,38,45,6,1268434013,10,49164110,43
432,2,3,5,11,27,39,33,2299427550,5,39920618,48
433,19,23,29,33,35,43,27,1182294410,11,52866824,41
434,3,13,20,24,33,37,35,1480060266,8,53335506,37
435,8,16,26,30,38,45,42,1287550013,10,69223119,31
436,9,14,20,22,33,34,28,1512266579,8,45826260,44
437,11,16,29,38,41,44,21,2096245438,6,63522590,33
438,6,12,20,26,29,38,45,1377142167,9,50383250,41
439,17,20,30,31,37,40,25,1900077375,6,57578103,33
440,10,22,28,34,36,44,2,1995873000,6,48679830,41
441,1,23,28,30,34,35,9,3170417063,4,50324081,42
442,25,27,29,36,38,40,41,1413413042,9,78522947,27
443,4,6,10,19,20,44,14,1327597584,9,48570644,41
444,11,13,23,35,43,45,17,4154188625,3,79888243,26
445,13,20,21,30,39,45,32,1791683036,7,74653460,28
446,1,11,12,14,26,35,6,4051247625,3,49405459,41
447,2,7,8,9,17,33,34,2657941125,4,57160025,31
448,3,7,13,27,40,41,36,4026212750,3,57517325,35
449,3,10,20,26,35,43,36,4059715250,3,52047632,39
450,6,14,19,21,23,31,13,1990391625,6,58540931,34
451,12,15,20,24,30,38,29,882138952,13,61654873,31
452,8,10,18,30,32,34,27,1276902000,9,39903188,48
453,12,24,33,38,40,42,30,2262732375,5,52378065,36
454,13,25,27,34,38,41,10,1609125590,7,43658447,43
455,4,19,20,26,30,35,24,1635711483,7,59635315,32
456,1,7,12,18,23,27,44,1598505054,7,47818528,39
457,8,10,18,23,27,40,33,1159902825,10,41131306,47
458,4,9,10,32,36,40,18,1608812625,8,41251606,52
459,4,6,10,14,25,40,12,1655842233,7,41995999,46
460,8,11,28,30,43,45,41,3180895782,4,70686573,30
461,11,18,26,31,37,40,43,1948674875,6,60896090,32
462,3,20,24,32,37,45,4,1483559297,8,50719976,39
463,23,29,31,33,34,44,40,0,0,54687384,37
464,6,12,15,34,42,44,4,3355721106,13,67273025,78
465,1,8,11,13,22,38,31,1923662893,7,48788552,46
466,4,10,13,23,32,44,20,1530313459,9,41735822,55
467,2,12,14,17,24,40,39,1435441084,9,65247322,33
468,8,13,15,28,37,43,17,1527197167,9,69418054,33
469,4,21,22,34,37,38,33,3330131250,4,67275379,33
470,10,16,20,39,41,42,27,4333330625,3,80246864,27
471,6,13,29,37,39,41,43,1939332858,7,75418500,30
472,16,25,26,31,36,43,44,1809656090,7,91794150,23
473,8,13,20,22,23,36,34,3250418063,4,60192928,36
474,4,13,18,31,33,45,43,936690800,15,48785980,48
475,1,9,14,16,21,29,3,1693923047,8,68441336,33
476,9,12,13,15,37,38,27,3439851469,4,67448069,34
477,14,25,29,32,33,45,37,1919011829,8,77535832,33
478,18,29,30,37,39,43,8,987224759,14,65814984,35
479,8,23,25,27,35,44,24,2233046500,6,65677839,34
480,3,5,10,17,30,31,16,2996742282,4,39956564,50
481,3,4,23,29,40,41,20,4639355750,3,68225820,34
482,1,10,16,24,25,35,43,1897921179,7,73808046,30
483,12,15,19,22,28,34,5,2567196675,5,40364728,53
484,1,3,27,28,32,45,11,2305303063,6,72040721,32
485,17,22,26,27,36,39,20,1501474917,9,68248860,33
486,1,2,23,25,38,40,43,1008634125,13,75357722,29
487,4,8,25,27,37,41,21,1638830766,8,47502342,46
488,2,8,17,30,31,38,25,1330393575,10,67191595,33
489,2,4,8,15,20,27,11,2106360625,6,40506936,52
490,2,7,26,29,40,43,42,1860234161,7,74837007,29
491,8,17,35,36,39,42,4,3304634438,4,71067408,31
492,22,27,31,35,37,40,42,2493013800,5,51937788,40
493,20,22,26,33,36,37,25,1451120334,9,80617797,27
494,5,7,8,15,30,43,22,1054588407,12,52729421,40
495,4,13,22,27,34,44,6,2111645000,6,47991932,44
496,4,13,20,29,36,41,39,3285932250,4,47622207,46
497,19,20,23,24,43,44,13,2222817813,6,74093928,30
498,13,14,24,32,39,41,3,3244503094,4,61800059,35
499,5,20,23,27,35,40,43,4070480250,3,44244351,46
500,3,4,12,20,24,34,41,1351072375,9,29803068,68
501,1,4,10,17,31,42,2,3025200094,4,33062297,61
502,6,22,28,32,34,40,26,2201458125,6,71014779,31
503,1,5,27,30,34,36,40,1853634911,7,51489859,42
504,6,14,22,26,43,44,31,1443236959,9,74650188,29
505,7,20,22,25,38,40,44,1917955188,6,50472505,38
506,6,9,11,22,24,30,31,4073333875,3,61717180,33
507,12,13,32,33,40,41,4,1416438875,9,73264080,29
508,5,27,31,34,35,43,37,1599557860,8,68798188,31
509,12,25,29,35,42,43,24,2689076100,5,65908728,34
510,12,29,32,33,39,40,42,2644158150,5,88138605,25
511,3,7,14,23,26,42,24,2165579250,6,58529169,37
512,4,5,9,13,26,27,1,940094452,13,39170603,52
513,5,8,21,23,27,33,12,4589624750,3,42496526,54
514,1,15,20,26,35,42,9,4451055500,3,61820216,36
515,2,11,12,15,23,37,8,13200466875,1,62859367,35
516,2,8,23,41,43,44,30,1294190182,11,74146313,32
517,1,9,12,28,36,41,10,2659057725,5,55397036,40
518,14,23,30,32,34,38,6,2263804125,6,66582475,34
519,6,8,13,16,30,43,3,1950601393,7,71115676,32
520,4,22,27,28,38,40,1,2167205438,6,58573120,37
521,3,7,18,29,32,36,19,1693420922,8,42601785,53
522,4,5,13,14,37,41,11,2281623000,6,58503154,39
523,1,4,37,38,40,45,7,1780355840,7,48304229,43
524,10,11,29,38,41,45,21,3491695594,4,64661030,36
525,11,23,26,29,39,44,22,1501132375,9,54919478,41
526,7,14,17,20,35,39,31,1491031959,9,45643836,49
527,1,12,22,32,33,42,38,1032386366,13,77132315,29
528,5,17,25,31,39,40,10,1197889125,11,25536397,86
529,18,20,24,27,31,42,39,1749114797,8,70671305,33
530,16,23,27,29,33,41,22,1231656239,11,56450911,40
531,1,5,9,21,27,35,45,1521519750,9,54339992,42
532,16,17,23,24,29,44,3,2216896286,7,99476116,26
533,9,14,15,17,31,33,23,1785671579,8,54111260,44
534,10,24,26,29,37,38,32,14215763250,1,43078071,55
535,11,12,14,15,18,39,34,4935603000,3,79606500,31
536,7,8,18,32,37,43,12,1308523603,11,59973999,40
537,12,23,26,30,36,43,11,2104038911,7,70134631,35
538,6,10,18,31,32,34,11,4688021625,3,48833559,48
539,3,19,22,31,42,43,26,1621036667,9,57894167,42
540,3,12,13,15,34,36,14,1989365250,7,89266390,26
541,8,13,26,28,32,34,43,1269327171,11,58177496,40
542,5,6,19,26,41,45,34,2335152563,6,89813561,26
543,13,18,26,31,34,44,12,1112934844,12,47358930,47
544,5,17,21,25,36,44,10,1046388433,13,48237765,47
545,4,24,25,27,34,35,2,1198994353,11,52337056,42
546,8,17,20,27,37,43,6,405939950,30,36903632,55
547,6,7,15,22,34,39,28,2838444450,5,43803156,54
548,1,12,13,21,32,45,14,1736871891,8,50344113,46
549,29,31,35,38,40,44,17,1760805047,8,67078288,35
550,1,7,14,20,34,37,41,1118679205,11,35360550,58
551,3,6,20,24,27,44,25,13526973750,1,70452989,32
552,1,10,20,32,35,40,43,1330824225,10,49289787,45
553,2,7,17,28,29,39,37,2249631438,6,43262144,52
554,13,14,17,32,41,42,6,6813893625,2,55397510,41
555,11,17,21,24,26,36,12,1711027360,8,49594996,46
556,12,20,23,28,30,44,43,2005209161,7,57058798,41
557,4,20,26,28,35,40,31,1888069286,7,51226687,43
558,12,15,19,26,40,43,29,1315913663,10,43003715,51
559,11,12,25,32,44,45,23,1926145608,7,53504045,42
560,1,4,20,23,29,45,28,1976697215,7,57653669,40
561,5,7,18,37,42,45,20,2753712225,5,55969761,41
562,4,11,13,17,20,31,33,1166694614,11,41940003,51
563,5,10,16,17,31,32,21,1932735643,7,59338375,38
564,14,19,25,26,27,34,2,1934801143,7,70539625,32
565,4,10,18,27,40,45,38,1742064469,8,59557760,39
566,4,5,6,25,26,43,41,3508951032,4,66837163,35
567,1,10,15,16,32,41,28,2318659438,6,43748292,53
568,1,3,17,20,31,44,40,1305167550,10,43505585,50
569,3,6,13,23,24,35,1,3467925188,4,64220837,36
570,1,12,26,27,29,33,42,1527791625,9,60307565,38
571,11,18,21,26,38,43,29,1966538465,7,69524088,33
572,3,13,18,33,37,45,1,1668216188,8,41967703,53
573,2,4,20,34,35,43,14,1645691766,8,43885114,50
574,14,15,16,19,25,43,2,6965184938,2,70355404,33
575,2,8,20,30,33,34,6,1699267875,8,50348678,45
576,10,11,15,25,35,41,13,4321966000,3,40018204,54
577,16,17,22,31,34,37,33,4484438375,3,53386172,42
578,5,12,14,32,34,42,16,2796466575,5,54195089,43
579,5,7,20,22,37,42,39,1396068444,11,55640409,46
580,5,7,9,11,32,35,33,2028610500,7,56350292,42
581,3,5,14,20,42,44,33,1844554547,8,63061694,39
582,2,12,14,33,40,41,25,3560558719,4,41643962,57
583,8,17,27,33,40,44,24,1341848353,11,48236379,51
584,7,18,30,39,40,41,36,5033183250,3,78643489,32
585,6,7,10,16,38,41,4,1620546334,9,54018212,45
586,2,7,12,15,21,34,5,1778354344,8,51546503,46
587,14,21,29,31,32,37,17,4974577375,3,57843923,43
588,2,8,15,22,25,41,30,2889342075,5,55995002,43
589,6,8,28,33,38,39,22,2136877983,7,59357722,42
590,20,30,36,38,41,45,23,2185183983,7,82238107,31
591,8,13,14,30,38,39,5,2964676200,5,65014829,38
592,2,5,6,13,28,44,43,2356381688,6,84156489,28
593,9,10,13,24,33,38,28,1532833500,9,37084682,62
594,2,8,13,25,28,37,3,1255592796,11,54807623,42
595,8,24,28,35,38,40,5,1744525219,8,43074697,54
596,3,4,12,14,25,43,17,1328267663,10,53994621,41
597,8,10,23,24,35,43,37,1057920606,13,49829594,46
598,4,12,24,33,38,45,22,833998594,16,44479925,50
599,5,12,17,29,34,35,27,1710918329,8,53051732,43
600,5,11,14,27,29,36,44,901798725,15,54987728,41
601,2,16,19,31,34,35,37,1524565209,9,81673137,28
602,13,14,22,27,30,38,2,1689530860,8,53635901,42
603,2,19,25,26,27,43,28,3452136563,4,76714146,30
604,2,6,18,21,33,34,30,1229141557,11,62595172,36
605,1,2,7,9,10,38,42,1394232250,9,52283710,40
606,1,5,6,14,20,39,22,1311566850,10,49680563,44
607,8,14,23,36,38,39,13,3494480907,4,66561542,35
608,4,8,18,19,39,44,41,1943530018,7,70857866,32
609,4,8,27,34,39,40,13,6339311438,2,44959656,47
610,14,18,20,23,28,36,33,3516018375,4,68941537,34
611,2,22,27,33,36,37,14,3502706157,4,49683776,47
612,6,9,18,19,25,33,40,1181705250,11,36719655,59
613,7,8,11,16,41,44,35,1549831209,9,77491561,30
614,8,21,25,39,40,44,18,2540975438,6,55238597,46
615,10,17,18,19,23,27,35,1535062417,9,74277214,31
616,5,13,18,23,40,45,3,1611811250,9,49341161,49
617,4,5,11,12,24,27,28,1629701860,8,50533391,43
618,8,16,25,30,42,43,15,2881326225,5,53357894,45
619,6,8,13,30,35,40,21,4612479375,3,39088809,59
620,2,16,17,32,39,45,40,2028283233,7,53780238,44
621,1,2,6,16,19,42,9,2359723500,6,38060057,62
622,9,15,16,21,28,34,24,1630598292,9,71938160,34
623,7,13,30,39,41,45,25,1813702594,8,69093433,35
624,1,7,19,26,27,35,16,2763729450,5,37755867,61
625,3,6,7,20,21,39,13,2765184675,5,51207124,45
626,13,14,26,33,40,43,15,1717871110,8,50899885,45
627,2,9,22,25,31,45,12,1352230650,10,64391936,35
628,1,7,12,15,23,42,11,1499942875,9,60808495,37
629,19,28,31,38,43,44,1,2919433575,5,71554745,34
630,8,17,21,24,27,31,15,4836305500,3,50378183,48
631,1,2,4,23,31,34,8,3919853532,4,56809472,46
632,15,18,21,32,35,44,6,1432587716,11,50507901,52
633,9,12,19,20,39,41,13,1217257094,12,51798175,47
634,4,10,11,12,20,27,38,1077935106,13,43250483,54
635,11,13,25,26,29,33,32,1855587235,8,70689038,35
636,6,7,15,16,20,31,26,1832362219,8,55526128,44
637,3,16,22,37,38,44,23,3899241094,4,57766535,45
638,7,18,22,24,31,34,6,2229403179,7,63438302,41
639,6,15,22,23,25,32,40,4061185219,4,60165707,45
640,14,15,18,21,26,35,23,1728768834,9,54024027,48
641,11,18,21,36,37,43,12,1990074563,8,53068655,50
642,8,17,18,24,39,45,32,1251460438,12,40369692,62
643,15,24,31,32,33,40,13,2535763625,6,58971248,43
644,5,13,17,23,28,36,8,1831451204,8,49835407,49
645,1,4,16,26,40,41,31,3696297750,4,88007090,28
646,2,9,24,41,43,45,30,2215498393,7,71798560,36
647,5,16,21,23,24,30,29,2189725608,7,58060907,44
648,13,19,28,37,38,43,4,2120987947,7,54988577,45
649,3,21,22,33,41,42,20,2948042100,5,54593373,45
650,3,4,7,11,31,41,35,2849298900,5,52764795,45
651,11,12,16,26,29,44,18,1855306454,8,70678342,35
652,3,13,15,40,41,44,20,3003483525,5,69525082,36
653,5,6,26,27,38,39,1,980958670,14,40873278,56
654,16,21,26,31,36,43,6,1879301391,8,36315003,69
655,7,37,38,39,40,44,18,1661439625,9,60784377,41
656,3,7,14,16,31,40,39,7330002750,2,50902797,48
657,10,14,19,39,40,43,23,1694762792,9,48887389,52
658,8,19,25,28,32,36,37,1634031375,9,64501239,38
659,7,18,19,27,29,42,45,1336604216,11,61261027,40
660,4,9,23,33,39,44,14,1421272575,10,49349743,48
661,2,3,12,20,27,38,40,1713025547,8,36254509,63
662,5,6,9,11,15,37,26,1689733688,8,52394844,43
663,3,5,8,19,38,42,20,2080244143,7,40449192,60
664,10,20,33,36,41,44,5,1536801338,10,58212172,44
665,5,6,11,17,38,44,13,3643230375,4,80960675,30
666,2,4,6,11,17,28,16,2396901063,6,50997895,47
667,15,17,25,37,42,43,13,2228764393,7,65005629,40
668,12,14,15,24,27,32,3,2991158625,5,44511290,56
669,7,8,20,29,33,38,9,2708173188,6,52080254,52
670,11,18,26,27,40,41,25,1191725219,12,61114114,39
671,7,9,10,13,31,35,24,3722322844,4,51698929,48
672,8,21,28,31,36,45,43,1754745000,9,57219946,46
673,7,10,17,29,33,44,5,1491453300,10,71021586,35
674,9,10,14,25,27,31,11,1770565500,8,49182375,48
675,1,8,11,15,18,45,7,3514549032,4,36046657,65
676,1,8,17,34,39,45,27,1879726500,8,39782572,63
677,12,15,24,36,41,44,42,1921114407,8,69229348,37
678,4,5,6,12,25,37,45,2288490188,6,55816834,41
679,3,5,7,14,26,34,35,2863005600,5,44182186,54
680,4,10,19,29,32,42,30,1110570563,14,58893894,44
681,21,24,27,29,43,44,7,2696328938,6,72873756,37
682,17,23,27,35,38,43,2,4063713563,4,48377543,56
683,6,13,20,27,28,40,15,1010930883,16,59907016,45
684,1,11,15,17,25,39,40,1688815709,9,40858445,62
685,6,7,12,28,38,40,18,1494367671,11,52686040,52
686,7,12,15,24,25,43,13,1937531719,8,71760435,36
687,1,8,10,13,28,42,45,2720029313,6,71579719,38
688,5,15,22,23,34,35,2,1967536750,9,55685003,53
689,7,17,19,30,36,38,34,2321775911,7,61562241,44
690,24,25,33,34,38,39,43,1126507625,15,82831444,34
691,15,27,33,35,43,45,16,2839296750,6,91590218,31
692,3,11,14,15,32,36,44,2301273697,7,61018621,44
693,1,6,11,28,34,42,30,1642763813,10,63673016,43
694,7,15,20,25,33,43,12,1555036388,10,33227274,78
695,4,18,26,33,34,38,14,1450214830,11,40283746,66
696,1,7,16,18,34,38,21,1632054413,10,61820243,44
697,2,5,8,11,33,39,31,1531443038,10,28360057,90
698,3,11,13,21,33,37,18,1921084125,8,53363448,48
699,4,5,8,16,21,29,3,1995411375,8,53210970,50
700,11,23,28,29,30,44,13,2082099188,8,67710543,41
701,3,10,14,16,36,38,35,1583183175,10,65965966,40
702,3,13,16,24,26,29,9,1465091387,11,58391324,46
703,10,28,31,33,41,44,21,3235784100,5,52872290,51
704,1,4,8,23,33,42,45,3865190344,4,54825395,47
705,1,6,17,22,28,45,23,3987206532,4,54247708,49
706,3,4,6,10,28,30,37,3831746063,4,50088184,51
707,2,12,19,24,39,44,35,1322167313,12,35734252,74
708,2,10,16,19,34,45,1,4099552219,4,52558362,52
709,10,18,30,36,39,44,32,1165271625,14,61794708,44
710,3,4,9,24,25,33,10,2895441150,5,42331011,57
711,11,15,24,35,37,45,42,2277413358,7,60385961,44
712,17,20,30,31,33,45,19,4034485125,4,57226740,47
713,2,5,15,18,19,23,44,1714720917,9,51441628,50
714,1,7,22,33,37,40,20,2085131733,7,52883776,46
715,2,7,27,33,41,44,10,2605510438,6,42713286,61
716,2,6,13,16,29,30,21,1358752157,12,77642981,35
717,2,11,19,25,28,32,44,2702433688,6,57498590,47
718,4,11,20,23,32,39,40,926166464,17,41002162,64
719,4,8,13,19,20,43,26,1879581334,9,48609863,58
720,1,12,29,34,36,37,41,1233770358,14,77805338,37
721,1,28,35,41,43,44,31,2273767360,8,75792246,40
722,12,14,21,30,39,43,45,4365422719,4,63266996,46
723,20,30,33,35,36,44,22,2114365360,8,70478846,40
724,2,8,33,35,37,41,14,1427789813,12,51919630,55
725,6,7,19,21,41,43,38,1579217250,11,61600673,47
726,1,11,21,23,34,44,24,1166872634,14,48619694,56
727,7,8,10,19,21,31,20,1115107742,14,29907105,87
728,3,6,10,30,34,37,36,3243464400,5,48265840,56
729,11,17,21,26,36,45,16,4198250719,4,79966681,35
730,4,10,14,15,18,22,39,2017382110,8,59774285,45
731,2,7,13,25,42,45,39,2340471054,7,60678880,45
732,2,4,5,17,27,32,43,2203270608,7,57121831,45
733,11,24,32,33,35,40,13,4016725125,4,46979242,57
734,6,16,37,38,41,45,18,1949395500,9,81224813,36
735,5,10,13,27,37,41,4,1847231588,10,61574387,50
736,2,11,17,18,21,27,6,3397362225,5,52428430,54
737,13,15,18,24,27,41,11,4283061000,4,59486959,48
738,23,27,28,38,42,43,36,1634191091,11,62417021,48
739,7,22,29,33,34,35,30,4744122282,4,70283294,45
740,4,8,9,16,17,19,31,936929792,18,65367195,43
741,5,21,27,34,44,45,16,3043595938,6,55338108,55
742,8,10,13,36,37,40,6,1111814813,16,67382716,44
743,15,19,21,34,41,44,10,2608641000,7,66161185,46
744,10,15,18,21,34,41,43,1155411575,15,47352934,61
745,1,2,3,9,12,23,10,746822982,20,22631000,110
746,3,12,33,36,42,45,25,2038623709,9,52723027,58
747,7,9,12,14,23,28,17,1903214584,9,48386812,59
748,3,10,13,22,31,32,29,1928246542,9,49023218,59
749,12,14,24,26,34,45,41,1350104395,13,45706660,64
750,1,2,15,19,24,36,12,2522104286,7,66873978,44
751,3,4,16,20,28,44,17,2097968110,8,40540447,69
752,4,16,20,33,40,43,7,1870358834,9,37407177,75
753,2,17,19,24,37,41,3,2711105063,6,46743191,58
754,2,8,17,24,29,31,32,3427542000,5,57125700,50
755,13,14,26,28,30,36,37,2214427266,8,54677217,54
756,10,14,16,18,27,28,4,3414434700,5,53686081,53
757,6,7,11,17,33,44,1,739839858,21,38079993,68
758,5,9,12,30,39,43,24,2078969954,8,43999365,63
759,9,33,36,40,42,43,32,3032670500,6,68924330,44
760,10,22,27,31,42,43,12,2253299391,8,66764427,45
761,4,7,11,24,42,45,30,2392730518,7,53683057,52
762,1,3,12,21,26,41,16,1631432063,10,51302896,53
763,3,8,16,32,34,43,10,2138130000,8,63352000,45
764,7,22,24,31,34,36,15,2459975465,7,65226623,44
765,1,3,8,12,42,43,33,1109214250,15,51352512,54
766,9,30,34,35,39,41,21,2173637297,8,70687392,41
767,5,15,20,31,34,42,22,1163768725,15,63248301,46
768,7,27,29,30,38,44,4,1363572260,13,55743521,53
769,5,7,11,16,41,45,4,1930760042,9,52657093,55
770,1,9,12,23,39,43,34,2163099329,8,38455100,75
771,6,10,17,18,21,29,30,4362644907,4,59355714,49
772,5,6,11,14,21,41,32,1769608838,10,55648077,53
773,8,12,19,21,31,35,44,1609403080,11,50871937,58
774,12,15,18,28,34,42,9,1709721512,11,52241491,60
775,11,12,29,33,38,42,17,3470437650,5,78163011,37
776,8,9,18,21,28,40,20,2557579393,7,59676853,50
777,6,12,17,21,34,37,18,833468036,21,44199063,66
778,6,21,35,36,37,41,11,6264069500,3,46746788,67
779,6,12,19,24,34,41,4,1527709296,11,42436370,66
780,15,17,19,21,27,45,16,1667520137,11,67936006,45
781,11,16,18,19,24,39,43,1882891542,9,54314180,52
782,6,18,31,34,38,45,20,1946487625,9,59586356,49
783,14,15,16,17,38,45,36,4603964625,4,85258605,36
784,3,10,23,24,31,39,22,1908678000,9,56137589,51
785,4,6,15,25,26,33,40,2886622688,6,52484049,55
786,12,15,16,20,24,30,38,4551365250,4,31606704,96
787,5,6,13,16,27,28,9,3092108313,6,60629575,51
788,2,10,11,19,35,39,29,1401475154,13,43378993,70
789,2,6,7,12,19,45,38,1140976825,15,40749173,70
790,3,8,19,27,30,41,12,1160516274,16,52452713,59
791,2,10,12,31,33,42,32,1253081893,14,76943625,38
792,2,7,19,25,29,36,16,2655736768,7,47667071,65
793,10,15,21,35,38,43,31,3750146775,5,51231514,61
794,6,7,18,19,30,38,13,2650940304,7,68728082,45
795,3,10,13,26,34,38,36,1714977000,11,50711686,62
796,1,21,26,36,40,41,5,2763490340,7,70088524,46
797,5,22,31,32,39,45,36,2397028125,8,94001103,34
798,2,10,14,22,32,36,41,2710791911,7,52709843,60
799,12,17,23,34,42,45,33,1826427225,10,54357954,56
800,1,4,10,12,28,45,26,1632246205,11,58675518,51
801,17,25,28,37,43,44,2,2256786657,8,59000959,51
802,10,11,12,18,24,42,27,1082947993,16,43102408,67
803,5,9,14,26,30,43,2,3663810225,5,61063504,50
804,1,10,13,26,32,36,9,1631996523,11,61061095,49
805,3,12,13,18,31,32,42,4266061969,4,53661157,53
806,14,20,23,31,37,38,27,2640760875,7,54050662,57
807,6,10,18,25,34,35,33,2437662322,7,48202363,59
808,15,21,31,32,41,43,24,3087620500,6,67122185,46
809,6,11,15,17,23,40,39,2921372750,6,52167371,56
810,5,10,13,21,39,43,11,2231598047,8,46491626,64
811,8,11,19,21,36,45,25,2524148197,7,60098767,49
812,1,3,12,14,16,43,10,2947954750,6,43352276,68
813,11,30,34,35,42,44,27,4591763157,4,71190127,43
814,2,21,28,38,42,45,30,3067192063,6,58984463,52
815,17,21,25,26,27,36,4,2579855358,7,77175161,39
816,12,18,19,29,31,39,7,2128107938,8,42350407,67
817,3,9,12,13,25,43,34,1868477334,9,51902149,54
818,14,15,25,28,29,30,3,1380804318,13,76711351,39
819,16,25,33,38,40,45,15,2594534840,7,61774640,49
820,10,21,22,30,35,42,6,4627313532,4,51414595,60
821,1,12,13,24,29,44,16,1316155956,14,55836920,55
822,9,18,20,24,27,36,12,5930898625,3,37537334,79
823,12,18,24,26,39,40,15,2009843917,9,49422392,61
824,7,9,24,29,34,38,26,1256646550,15,61600322,51
825,8,15,21,31,33,38,42,1658710563,12,62592852,53
826,13,16,24,25,33,36,42,2075192084,9,66229535,47
827,5,11,12,29,33,44,14,1206500375,15,65570673,46
828,4,7,13,29,31,39,18,1455185972,13,50853274,62
829,4,5,31,35,43,45,29,2444650641,8,72434094,45
830,5,6,16,18,37,38,17,2060528750,9,38634915,80
831,3,10,16,19,31,39,9,1110702258,16,48555290,61
832,13,14,19,26,40,43,30,2088204584,9,52205115,60
833,12,18,30,39,41,42,19,2356317282,8,59278423,53
834,6,8,18,35,42,43,3,1690693671,11,65949044,47
835,9,10,13,28,38,45,35,1233681125,15,53175911,58
836,1,9,11,14,26,28,19,1257843670,14,47338203,62
837,2,25,28,30,33,45,6,3144449125,6,66903173,47
838,9,14,17,33,36,38,20,3813733050,5,46736925,68
839,3,9,11,12,13,19,35,1359454904,13,61364284,48
840,2,4,11,28,29,43,27,2042961788,10,66763458,51
841,5,11,14,30,33,38,24,1116095714,17,35934900,88
842,14,26,32,36,39,42,38,2035475025,10,80772819,42
843,19,21,30,33,34,42,4,4012970100,5,64310419,52
844,7,8,13,15,33,45,18,1162963542,18,47793023,73
845,1,16,29,33,40,45,6,1891217182,11,61914849,56
846,5,18,30,41,43,45,13,1596884395,13,50143713,69
847,12,16,26,28,30,42,22,2520846657,8,84028222,40
848,1,2,16,22,38,39,34,3011580858,7,83655024,42
849,5,13,17,29,34,39,3,1158252883,17,58602081,56
850,16,20,24,28,36,39,5,3377587875,6,61410689,55
851,14,18,22,26,31,44,40,2483692313,8,47308425,70
852,11,17,28,30,33,35,9,4801543407,4,47776552,67
853,2,8,23,26,27,44,13,2885006786,7,37398237,90
854,20,25,31,32,36,43,3,3421706750,6,77766063,44
855,8,15,17,19,43,44,7,2269510500,9,55807636,61
856,10,24,40,41,43,44,17,3977927550,5,62546031,53
857,6,10,16,28,34,38,43,1284915425,15,51811106,62
858,9,13,32,38,39,43,23,2202347459,9,80573688,41
859,8,22,35,38,39,41,24,1853927489,11,66644453,51
860,4,8,18,25,27,32,42,1879899825,10,50534942,62
861,11,17,19,21,22,25,24,4872108844,4,49970348,65
862,10,34,38,40,42,43,32,2190922709,9,52164827,63
863,16,21,28,35,39,43,12,2853357322,7,52014327,64
864,3,7,10,13,25,36,32,1716553637,11,49172110,64
865,3,15,22,32,33,45,2,1551729145,13,64655382,52
866,9,15,29,34,37,39,12,2240409000,9,49420787,68
867,14,17,19,22,24,40,41,3933755250,5,57511042,57
868,12,17,28,41,43,44,25,3233804250,6,53013185,61
869,2,6,20,27,37,39,4,1922582588,10,57219720,56
870,21,25,30,32,40,42,31,1928842988,10,66973715,48
871,2,6,12,26,30,34,38,2718071358,7,51984972,61
872,2,4,30,32,33,43,29,1262705579,16,73200324,46
873,3,5,12,13,33,39,38,1874553225,10,45944932,68
874,1,15,19,23,28,42,32,1117123917,18,49284879,68
875,19,22,30,34,39,44,36,1415946724,14,100117446,33
876,5,16,21,26,34,42,24,1090657856,19,58538134,59
877,5,17,18,22,23,43,12,1716607188,12,45776192,75
878,2,6,11,16,25,31,3,3207993500,6,46492660,69
879,1,4,10,14,15,35,20,3206361313,6,41641057,77
880,7,17,19,23,24,45,38,2837810465,7,63668825,52
881,4,18,20,26,27,32,9,2503212282,8,49815170,67
882,18,34,39,43,44,45,23,4127270400,5,78168000,44
883,9,18,32,33,37,44,22,1360519525,15,52327675,65
884,4,14,23,28,37,45,17,1799077282,12,48623711,74
885,1,3,24,27,39,45,31,1543832568,13,59731618,56
886,19,23,28,37,42,45,2,2974643786,7,58820640,59
887,8,14,17,27,36,45,10,2535268688,8,51217550,66
888,3,7,12,31,34,38,32,2370359204,8,53567440,59
889,3,13,29,38,39,42,26,2108986950,10,58582971,60
890,1,4,14,18,29,37,6,2335486167,9,60400505,58
891,9,13,28,31,39,41,19,3082673947,7,46707182,77
892,4,9,17,18,26,42,36,1282017464,17,46569011,78
893,1,15,17,23,25,41,10,2377433625,9,61485353,58
894,19,32,37,40,41,43,45,2377935959,9,63694714,56
895,16,26,31,38,39,41,23,1928079219,12,66485491,58
896,5,12,25,26,38,45,23,3053222036,7,77436791,46
897,6,7,12,22,26,36,29,1619922520,13,56610196,62
898,18,21,28,35,37,42,17,2639313235,8,62840792,56
899,8,19,20,21,33,39,37,3359356063,6,63384077,53
900,7,13,16,18,35,38,14,3349851375,6,65683361,51
901,5,18,20,23,30,34,21,2267974667,9,50775553,67
902,7,19,23,24,36,39,30,1619317529,13,52365990,67
903,2,15,16,21,22,28,45,1684582212,13,74488330,49
904,2,6,8,26,43,45,11,2718077813,8,39392433,92
905,3,4,16,27,38,40,20,3017862536,7,45725190,77
906,2,5,14,28,31,32,20,2472607250,9,58871602,63
907,21,27,29,38,40,44,37,3165059036,7,55112969,67
908,3,16,21,22,23,44,30,2834856141,8,66312425,57
909,7,24,29,30,34,35,33,2021062875,11,58814000,63
910,1,11,17,27,35,39,31,941316375,21,45758435,72
911,4,5,12,14,32,42,35,2113538625,10,60733869,58
912,5,8,18,21,22,38,10,1493500581,14,49783353,70
913,6,14,16,21,27,37,40,1338755602,16,54091136,66
914,16,19,24,33,42,44,27,1950005557,11,65000186,55
915,2,6,11,13,22,37,14,3518640500,6,55851437,63
916,6,21,22,32,35,36,17,2025384341,11,53045781,70
917,1,3,23,24,27,43,34,2144799638,10,76056725,47
918,7,11,12,31,33,38,5,1117622646,18,38986837,86
919,9,14,17,18,42,44,35,4305150450,5,64064739,56
920,2,3,26,33,34,43,29,3120260197,7,68684973,53
921,5,7,12,22,28,41,1,1232573405,17,48504047,72
922,2,6,13,17,27,43,36,3417904500,6,38403422,89
923,3,17,18,23,36,41,26,2667554625,8,63513206,56
924,3,11,34,42,43,44,13,2382430667,9,51791972,69
925,13,24,32,34,39,42,4,1771080532,12,52090604,68
926,10,16,18,20,25,31,6,2032490663,10,47048395,72
927,4,15,22,38,41,43,26,3714203875,6,58955618,63
928,3,4,10,20,28,44,30,3134591358,7,45148436,81
929,7,9,12,15,19,23,4,1308035157,16,38330701,91
930,8,21,25,38,39,44,28,2832418829,8,68664699,55
931,14,15,23,25,35,43,32,2957108063,8,73015014,54
932,1,6,15,36,37,38,5,3390022983,7,61797294,64
933,23,27,29,31,36,45,37,2927797079,8,61963960,63
934,1,3,30,33,36,39,12,5765772844,4,58240130,66
935,4,10,20,32,38,44,18,1711055424,13,30894057,120
936,7,11,13,17,18,29,43,1492069179,14,45214218,77
937,2,10,13,22,29,40,26,2058420819,11,66206518,57
938,4,8,10,16,31,36,9,2249466563,10,58579859,64
939,4,11,28,39,42,45,6,1708363039,13,55245571,67
940,3,15,20,22,24,41,11,2846071079,8,74407088,51
941,12,14,25,27,39,40,35,1347297422,16,41296473,87
942,10,12,18,35,42,43,39,3761680313,6,72340007,52
943,1,8,13,36,44,45,39,3435045108,7,54156117,74
944,2,13,16,19,32,33,42,1961836356,13,53805639,79
945,9,10,15,30,33,37,26,1765554491,13,53878424,71
946,9,18,19,30,34,40,20,2157656182,11,55714127,71
947,3,8,17,20,27,35,26,1275855750,18,65992539,58
948,13,18,30,31,38,41,5,2188548716,11,44581548,90
949,14,21,35,36,40,44,30,2458569713,10,63040250,65
950,3,4,15,22,28,40,10,3281920500,8,65311851,67
951,2,12,30,31,39,43,38,1747552661,14,56633652,72
952,4,12,22,24,33,41,38,2713699834,9,43769353,93
953,7,9,22,27,37,42,34,1640636009,14,37530890,102
954,1,9,26,28,30,41,32,2478795900,10,64551977,64
955,4,9,23,26,29,33,8,2023170188,12,56990710,71
956,10,11,20,21,25,41,40,2022982671,11,27270600,136
957,4,15,24,35,36,40,1,2126634137,11,63915234,61
958,2,9,10,16,35,37,1,1596119675,15,59556705,67
959,1,14,15,24,40,41,35,3015312891,8,53605563,75
960,2,18,24,30,32,45,14,2401133213,10,71462298,56
961,11,20,29,31,33,42,43,2575231209,9,52915710,73
962,1,18,28,31,34,43,40,1940906094,12,53175510,73
963,6,12,19,23,34,42,35,1476478125,15,54282285,68
964,6,21,36,38,39,43,30,2345861063,10,75187855,52
965,2,13,25,28,29,36,34,3403348929,7,86316821,46
966,1,21,25,29,34,37,36,2411303513,10,80376784,50
967,1,6,13,37,38,40,9,5809776094,4,56133103,69
968,2,5,12,14,24,39,33,1667729683,13,37251694,97
969,3,9,10,29,40,45,7,1149427894,20,68418328,56
970,9,11,16,21,28,36,5,1611544045,14,43221488,87
971,2,6,17,18,21,26,7,3725880250,6,60094843,62
972,3,6,17,23,37,39,26,1124886244,20,46870261,80
973,22,26,31,37,41,42,24,2912742750,8,92468024,42
974,1,2,11,16,39,44,32,1317034523,17,56539361,66
975,7,8,9,17,22,24,5,2440410375,9,60010092,61
976,4,12,14,25,35,37,2,3243867215,7,54847997,69
977,2,9,10,14,22,44,16,1669905911,14,47517648,82
978,1,7,15,32,34,42,8,2373391388,10,56509319,70
979,7,11,16,21,27,33,24,1606400518,14,47446429,79
980,3,13,16,23,24,35,14,3409443215,7,56824054,70
981,27,36,37,41,43,45,32,1992863193,13,66428774,65
982,5,7,13,20,21,44,33,3023630672,8,49771699,81
983,13,23,26,31,35,43,15,2503422225,10,53491928,78
984,3,10,23,35,36,37,18,3453006268,7,62945427,64
985,17,21,23,30,34,44,19,2434752975,10,65450349,62
986,7,10,16,28,41,42,40,2375275125,10,56554170,70
987,2,4,15,23,29,38,7,2378711625,10,54308485,73
988,2,13,20,30,31,41,27,2678489375,9,65864493,61
989,17,18,21,27,29,33,26,5826768563,4,61658927,63
990,2,4,25,26,36,37,28,1740095277,14,72503970,56
991,13,18,25,31,33,44,38,2904166032,8,35202013,110
992,12,20,26,33,44,45,24,1986955563,12,68515710,58
993,6,14,16,18,24,42,44,3991197063,6,57017101,70
994,1,3,8,24,27,35,28,1861582063,12,53188059,70
995,1,4,13,29,38,39,7,3447271875,7,58287206,69
996,6,11,15,24,32,39,28,1491185771,18,52018109,86
997,4,7,14,16,24,44,20,1253749560,19,46708317,85
998,13,17,18,20,42,45,41,2076499657,12,78358478,53
999,1,3,9,14,18,28,34,1513274790,16,60229843,67
1000,2,8,19,22,32,42,39,1246819620,22,41941945,109
1001,6,10,12,14,20,42,15,2077279594,12,62947867,66
1002,17,25,33,35,38,45,15,3088449563,8,48446268,85
1003,1,4,29,39,43,45,31,1811116822,14,64029383,66
1004,7,15,30,37,39,44,18,2576251913,10,63143430,68
1005,8,13,18,24,27,29,17,2061199344,12,49076175,84
1006,8,11,15,16,17,37,36,2855602125,9,65898511,65
1007,8,11,16,19,21,25,40,2718786375,9,58259709,70
1008,9,11,30,31,41,44,33,2267377910,11,42854222,97
1009,15,23,29,34,40,44,20,1702462825,15,61683436,69
1010,9,12,15,25,34,36,3,3119380079,8,63017780,66
1011,1,9,12,26,35,38,42,2220348512,11,53561039,76
1012,5,11,18,20,35,45,3,1861944318,13,53081746,76
1013,21,22,26,34,36,41,32,5047570725,5,53244417,79
1014,3,11,14,18,26,27,21,2410449338,10,58223414,69
1015,14,23,31,33,37,40,44,3051105610,8,39883734,102
1016,15,26,28,34,41,42,44,2260660671,11,60949185,68
1017,12,18,22,23,30,34,32,3517684822,7,58628081,70
1018,3,19,21,25,37,45,35,12361744688,2,66460993,62
1019,1,4,13,17,34,39,6,438565140,50,48729460,75
1020,12,27,29,38,41,45,6,1966431520,13,55332489,77
1021,12,15,17,24,29,45,16,2108962250,12,75320081,56
1022,5,6,11,29,42,45,28,4866468075,5,64371271,63
1023,10,14,16,18,29,35,25,2745677875,9,57201623,72
1024,9,18,20,22,38,44,10,3020323500,8,63922191,63
1025,8,9,20,25,29,33,7,6118853344,4,59119356,69
1026,5,12,13,31,32,41,34,1619118475,15,53260477,76
1027,14,16,27,35,39,45,5,2460504338,10,49407718,83
1028,5,7,12,13,18,35,23,1181235132,20,43268687,91
1029,12,30,32,37,39,41,24,2527848450,10,67952916,62
1030,2,5,11,17,24,29,9,1276406507,19,38864942,104
1031,6,7,22,32,35,36,19,3213957563,8,66957450,64
1032,1,6,12,19,36,42,28,2675257538,10,49541807,90
1033,3,11,15,20,35,44,10,1913414943,13,52477625,79
1034,26,31,32,33,38,40,11,2868856209,9,65201278,66
1035,9,14,34,35,41,42,2,3231193735,8,60679695,71
1036,2,5,22,32,34,45,39,2837323167,9,66499762,64
1037,2,14,15,22,27,33,31,1708576825,15,54762078,78
1038,7,16,24,27,37,44,2,1627457225,15,52839521,77
1039,2,3,6,19,36,39,26,1585019672,16,52833990,80
1040,8,16,26,29,31,36,11,3660482625,7,67786716,63
1041,6,7,9,11,17,18,45,935091165,25,45837803,85
1042,5,14,15,23,34,43,4,1240663669,20,41355456,100
1043,3,5,12,22,26,31,19,1468646956,17,48385656,86
1044,12,17,20,26,28,36,4,3136941235,8,58091505,72
1045,6,14,15,19,21,41,37,1990060443,13,64355189,67
1046,7,16,25,29,35,36,28,2011415719,12,70575991,57
1047,2,20,33,40,42,44,32,2748797875,9,49677071,83
1048,6,12,17,21,32,39,30,1612494508,17,44791515,102
1049,3,5,13,20,21,37,17,1727810100,15,48533992,89
1050,6,12,31,35,38,43,17,1535083280,17,62134324,70
1051,21,26,30,32,33,35,44,1669558480,18,71552507,70
1052,5,17,26,27,35,38,1,2341682762,11,39750788,108
1053,22,26,29,30,34,45,15,4090367411,7,74563990,64
1054,14,19,27,28,30,45,33,3147925709,9,71543767,66
1055,4,7,12,14,22,33,31,2362815205,11,47085086,92
1056,13,20,24,32,36,45,29,1969662456,14,56739248,81
1057,8,13,19,27,40,45,12,1616069714,17,6895880,664
1058,11,23,25,30,32,40,42,2058020250,13,74317398,60
1059,7,10,22,25,34,40,27,2033168481,13,53074680,83
1060,3,10,24,33,38,45,36,898238907,28,43664392,96
1061,4,24,27,35,37,45,15,2422768773,11,44866089,99
1062,20,31,32,40,41,45,12,3801933804,7,65229257,68
1063,3,6,22,23,24,38,30,3770311875,7,79976313,55
1064,3,6,9,18,22,35,14,1348168106,19,68858049,62
1065,3,18,19,23,32,45,24,1852593938,14,58415125,74
1066,6,11,16,19,21,32,45,1670947250,15,47470093,88
1067,7,10,19,23,28,33,18,1981114010,13,52346509,82
1068,4,7,19,26,33,35,3,1363929514,19,49644944,87
1069,1,10,18,22,28,31,44,1863217554,14,55031743,79
1070,3,6,14,22,30,41,36,1859116929,14,68856183,63
1071,1,2,11,21,30,35,39,5183979750,5,52047990,83
1072,16,18,20,23,32,43,27,2175006375,12,46774331,93
1073,6,18,28,30,32,38,15,2345227603,11,69348129,62
1074,1,6,20,27,28,41,15,2134763657,12,54737530,78
1075,1,23,24,35,44,45,10,2896337167,9,27153161,160
1076,3,7,9,33,36,37,10,2672689750,9,46616682,86
1077,4,8,17,30,40,43,34,3570901018,7,42510727,98
1078,6,10,11,14,36,38,43,2141604938,12,55626103,77
1079,4,8,18,24,37,45,6,2712329417,9,47864637,85
1080,13,16,23,31,36,44,38,3639444429,7,51780714,82
1081,1,9,16,23,24,38,17,2343892944,11,46708012,92
1082,21,26,27,32,34,42,31,3720489643,7,70009214,62
1083,3,7,14,15,22,38,17,1713084525,15,59482102,72
1084,8,12,13,29,33,42,5,1738764600,15,40625342,107
1085,4,7,17,18,38,44,36,1073277473,23,51427879,80
1086,11,16,25,27,35,36,37,1515913809,17,64105808,67
1087,13,14,18,21,34,44,16,1732253602,16,65061169,71
1088,11,21,22,30,39,44,31,2434697898,11,47485243,94
1089,4,18,31,37,42,43,40,2978522167,9,56554219,79
1090,12,19,21,29,40,45,1,2386494614,11,49718638,88
1091,6,20,23,24,28,30,44,2898470459,9,66887780,65
1092,7,18,19,26,33,45,37,1583289844,16,50263170,84
1093,10,17,22,30,35,43,44,1967040750,13,65568025,65
1094,6,7,15,22,26,40,41,2112854469,12,48571368,87
1095,8,14,28,29,34,40,12,2617825575,10,76544608,57
1096,1,12,16,19,23,43,34,2539391175,10,49791984,85
1097,14,33,34,35,37,40,4,3864293090,7,67288686,67
1098,12,16,21,24,41,43,15,1930461895,13,61509816,68
1099,3,20,28,38,40,43,4,2959934125,9,62533820,71
1100,17,26,29,30,31,43,12,2207575472,13,59050373,81
1101,6,7,13,28,36,42,41,2100529500,13,60681964,75
1102,13,14,22,26,37,38,20,1383591413,20,73205895,63
1103,10,12,29,31,40,44,2,1574419633,17,58695469,76
1104,1,7,21,30,35,38,2,1817193100,15,59776089,76
1105,6,16,34,37,39,40,11,1834853800,15,55266681,83
1106,1,3,4,29,42,45,36,2790462819,11,76355948,67
1107,6,14,30,31,40,41,29,2025625233,14,57639743,82
1108,7,19,26,37,39,44,27,1957990849,14,47590056,96
1109,10,12,13,19,33,40,2,1584352875,17,53440474,84
1110,3,7,11,20,22,41,24,1647392719,16,37229214,118
1111,3,13,30,33,43,45,4,1714662540,16,47138490,97
1112,16,20,26,36,42,44,24,2804455650,10,79221912,59
1113,11,13,20,21,32,44,8,1987426822,14,81356654,57
1114,10,16,19,32,33,38,3,1583813824,17,50994006,88
1115,7,12,23,32,34,36,8,2257278282,12,75242610,60
1116,15,16,17,25,30,31,32,2695000238,10,39400589,114
1117,3,4,9,30,33,36,7,3028385542,9,48325302,94
1118,11,13,14,15,16,45,3,1477445132,19,64980226,72
1119,1,9,12,13,20,45,3,1396028764,19,45574823,97
1120,2,19,26,31,38,41,34,2522163375,11,50812816,91
1121,6,24,31,32,38,44,8,2524513262,11,60898347,76
1122,3,6,21,30,34,35,22,2556266046,11,47338261,99
1123,13,19,21,24,34,35,26,1731310711,16,59958813,77
1124,3,8,17,30,33,34,28,2623327913,10,50255324,87
1125,6,14,25,33,40,44,30,2195289188,12,56289467,78
1126,4,5,9,11,37,40,7,2386382421,11,48077302,91
1127,10,15,24,30,31,37,32,2267891969,12,53997428,84
1128,1,5,8,16,28,33,45,419925560,63,57262577,77
1129,5,10,11,17,28,34,22,2369567660,11,40600069,107
1130,15,19,21,25,27,28,40,2263301219,12,65602934,69
1131,1,2,6,14,27,38,33,1542367898,17,78036471,56
1132,6,7,19,28,34,41,5,2404951807,11,60398334,73
1133,13,14,20,28,29,34,23,2105079491,13,62479529,73
1134,3,7,9,13,19,24,23,1755689384,14,42233078,97
1135,1,6,13,19,21,33,4,2953726125,9,48687794,91
1136,21,33,35,38,42,44,1,2314468157,12,61719151,75
1137,4,9,12,15,33,45,26,2023447688,14,42534937,111
1138,14,16,19,20,29,34,35,1902656786,14,88790650,50
1139,5,12,15,30,37,40,18,2167490972,13,62616406,75
1140,7,10,22,29,31,38,15,2279823938,12,54935517,83
1141,7,11,12,21,26,35,20,2457758285,11,45058902,100
1142,2,8,28,30,37,41,22,3117517709,9,69795173,67
1143,10,16,17,27,28,36,6,2545657023,11,51855977,90
1144,3,4,12,15,26,34,6,1489347375,18,47532364,94
1145,2,11,31,33,37,44,32,3051630084,9,72657860,63
1146,6,11,17,19,40,43,28,2526476353,11,64331574,72
1147,7,11,24,26,27,37,32,3323422079,8,53388307,83
1148,3,6,13,15,16,22,32,2073332308,13,46311547,97
1149,8,15,19,21,32,36,38,1613380765,17,61773588,74
1150,8,9,18,35,39,45,25,1570620309,17,19690668,226
1151,2,3,9,15,27,29,8,1620503030,17,45013974,102
1152,30,31,32,35,36,37,5,874349668,35,64561685,79
1153,1,9,10,13,35,44,5,2027312925,15,64155473,79
1154,4,8,22,26,32,38,27,1854965425,15,74796993,62
1155,10,16,19,27,37,38,13,4066375179,7,60821851,78
1156,30,31,34,39,41,45,7,1505207090,21,72167464,73
1157,5,7,12,20,25,26,28,2257842157,12,32026130,141
1158,21,25,27,32,37,38,20,1394358197,21,56747136,86
1159,3,9,27,28,38,39,7,1284854250,23,44775224,110
1160,7,13,18,36,39,45,19,2509359875,12,59746664,84
1161,2,12,20,24,34,42,37,1792657969,16,40858302,117
1162,20,21,22,25,28,29,6,823931021,36,63379310,78
1163,2,13,15,16,33,43,4,1936891150,15,64563039,75
1164,17,18,23,25,38,39,22,2193092164,13,62522365,76
1165,6,7,27,29,38,45,17,2192485270,13,52202031,91
1166,14,23,25,27,29,42,16,2072319938,14,60442665,80
1167,8,23,31,35,39,40,24,2884087913,10,69663960,69
1168,9,21,24,30,33,37,29,2136635914,13,62559160,74
1169,5,12,24,26,39,42,20,2852735813,10,42451426,112
1170,3,13,28,34,38,42,25,1386550969,20,44872200,103
1171,3,6,7,11,12,17,19,1128345286,21,26683842,148
1172,7,9,24,40,42,44,45,2203004452,13,48705881,98
1173,1,5,18,20,30,35,3,1179946063,24,50210471,94
1174,8,11,14,17,36,39,22,1910619425,15,56194689,85
1175,3,4,6,8,32,42,31,1384026094,20,50145873,92
1176,7,9,11,21,30,35,29,2052166154,13,49959102,89
1177,3,7,15,16,19,43,21,4576672000,6,61022294,75
1178,5,6,11,27,43,44,17,2391608407,12,53744010,89
1179,3,16,18,24,40,44,21,2162821097,13,74382737,63
1180,6,12,18,37,40,41,3,2535566421,11,64563034,72
1181,8,10,14,20,33,41,28,1593643500,17,52503759,86
1182,1,13,21,25,28,31,22,2124785424,13,58274706,79
1183,4,15,17,23,27,36,31,2073966000,13,48843403,92
1184,14,16,23,25,31,37,42,1910655600,15,50280411,95
1185,6,17,22,28,29,32,38,2388695125,12,60473295,79
1186,2,8,13,16,23,28,35,1985676911,14,52058946,89
1187,5,13,26,29,37,40,42,2619380012,11,60787300,79
1188,3,4,12,19,22,27,9,1074625172,24,38725232,111
1189,9,19,29,35,37,38,31,2263651299,13,29368730,167
1190,7,9,19,23,26,45,33,4622793813,6,40909680,113
1191,1,4,11,12,20,41,2,1536334355,18,34916690,132
1192,10,16,23,36,39,40,11,1079546587,29,54924300,95
1193,6,9,16,19,24,28,17,1717013508,16,54508366,84
1194,3,13,15,24,33,37,2,985155349,28,46438300,99
1195,3,15,27,33,34,36,37,2939186738,10,56960984,86
1196,8,12,15,29,40,45,14,2001627550,15,53234776,94
1197,1,5,7,26,28,43,30,2205089827,13,64563441,74
1198,26,30,33,38,39,41,21,2953686638,10,63112963,78
1199,16,24,25,30,31,32,7,1695609839,17,64056372,75
1200,1,2,4,16,20,32,45,2357299875,12,58932497,80
1201,7,9,24,27,35,36,37,1414555718,19,53326506,84
1202,5,12,21,33,37,40,7,1920410813,14,41109712,109
1203,3,6,18,29,35,39,24,1368060733,21,40578073,118
1204,8,16,28,30,31,44,27,1661007688,18,52452875,95
1205,1,4,16,23,31,41,2,3226386263,10,55436191,97
1206,1,3,17,26,27,42,23,1868807000,15,63135372,74
1207,10,22,24,27,38,45,11,1733202949,17,57101648,86
1208,6,27,30,36,38,42,25,5001713625,6,73554613,68
1209,2,17,20,35,37,39,24,1371910466,22,68908745,73
1210,1,7,9,17,27,38,31,1102298407,24,28818259,153
1211,23,26,27,35,38,40,10,2370956036,14,64328265,86
1212,5,8,25,31,41,44,45,2654089032,12,67192128,79
1213,5,11,25,27,36,38,2,1740011646,18,47454864,110
1214,10,15,19,27,30,33,14,2431577188,12,49122772,99
1215,13,15,19,21,44,45,39,1998542133,16,70124286,76
1216,3,10,14,15,23,24,25,2148654000,14,57626736,87
1217,8,10,15,20,29,31,41,2179738018,14,59835946,85
1218,3,28,31,32,42,45,25,1714482042,18,64293077,80
1219,1,2,15,28,39,45,31,2508232844,12,65148906,77
1220,2,22,25,28,34,43,16,2114514161,14,58045487,85
1221,6,13,18,28,30,36,9,1830801165,16,50855588,96
1222,4,11,17,22,32,41,34,1202986844,24,41843021,115
1223,16,18,20,32,33,39,26,1857554133,16,48092017,103
1224,9,18,21,27,44,45,28,2414855250,12,68995865,70
1225,8,9,19,25,41,42,33,2228133087,13,63521338,76
1226,4,6,13,17,26,28,41,2815230113,10,62560670,75
1227,1,14,16,34,41,44,13,2674808455,11,70054508,70
