번호,인기도_감마,순위_인기순
1,0.002942,20
2,0.005621,17
3,0.01981,4
4,0.01561,7
5,0.011281,10
6,0.006897,14
7,0.033515,1
8,0.008669,13
9,0.016501,6
10,0.014599,8
11,0.023232,3
12,0.027547,2
13,0.005447,18
14,-0.006323,28
15,-0.010859,34
16,-0.003346,26
17,0.017924,5
18,0.010022,11
19,0.005916,16
20,0.001173,21
21,-0.007099,30
22,-0.015631,40
23,-0.007599,31
24,0.003579,19
25,0.006434,15
26,-0.006843,29
27,0.013212,9
28,-0.009924,33
29,-0.025724,45
30,-0.01401,39
31,-0.001327,23
32,-0.011423,35
33,0.008788,12
34,-0.001637,24
35,-0.012862,37
36,-0.024261,44
37,-0.011432,36
38,-0.004098,27
39,-0.001076,22
40,-0.002806,25
41,-0.013219,38
42,-0.009542,32
43,-0.017443,41
44,-0.019673,42
45,-0.020565,43
