1243,12,115,3591,174306,2853501
1242,9,104,3206,165377,2729145
1241,18,90,3254,165086,2724667
1240,16,78,3087,155202,2619423
1239,13,71,3081,152825,2570542
1238,23,84,3235,156141,2549183
1237,23,75,3745,172132,2663409
1236,11,84,3371,161927,2624850
1235,9,82,2859,154048,2585719
1234,18,71,2985,146684,2475581
1233,31,76,4438,185487,2833927
1232,11,92,2984,149349,2539242
1231,17,92,3329,162821,2686693
1230,16,90,3336,168902,2770957
1229,8,89,2925,152290,2583834
1228,11,83,2836,147604,2514073
1227,11,70,3042,151881,2523341
1226,10,75,3557,171525,2803464
1225,13,76,3333,161090,2705194
1224,12,70,3373,166726,2716244
1223,16,103,3481,161967,2716882
1222,24,115,4081,182844,2896800
1221,16,96,3465,174082,2745724
1220,14,85,3192,161279,2688906
1219,12,77,3079,150733,2560905
1218,18,80,2889,150326,2600819
1217,14,85,3344,163563,2742207
1216,14,87,3181,168089,2853121
1215,16,76,3120,153024,2640357
1214,12,99,3618,177889,2921649
1213,18,110,3724,180063,2958422
1212,12,79,3482,175609,2923618
1211,14,86,3332,174056,2902451
1210,24,153,4649,211663,3139766
1209,22,73,3141,163147,2724028
1208,6,68,2932,149359,2544535
1207,17,86,3365,168020,2756042
1206,15,74,3329,172867,2897371
1205,10,97,3486,174740,2915978
1204,18,95,3361,164919,2753835
1203,21,118,3588,171960,2784823
1202,14,109,3764,180212,2723770
1201,19,84,3321,166050,2711377
1200,12,80,3584,161754,2673060
1199,17,75,3504,157073,2604985
1198,10,78,3110,155228,2591974
1197,13,74,3087,162871,2751422
1196,15,94,2837,153894,2619093
1195,10,86,3337,165621,2797760
1194,28,99,5442,186820,2884544
1193,16,84,3635,175936,2782376
1192,29,95,3476,171551,2841016
1191,18,132,3649,184758,2905296
1190,6,113,3293,168764,2752776
1189,13,167,3121,152345,2577694
1188,24,111,3713,188314,2901056
1187,11,79,3147,152448,2557090
1186,14,89,3226,162707,2628810
1185,12,79,2903,153798,2566276
1184,15,95,3115,155556,2576710
1183,13,92,3623,169030,2680548
1182,13,79,3015,156025,2616958
1181,17,86,3109,155938,2596371
1180,11,72,3010,153274,2567395
1179,13,63,2989,148832,2516368
1178,12,89,3061,157044,2653841
1177,6,75,3111,157438,2644128
1176,13,89,3533,171545,2746919
1175,20,92,3178,164364,2723718
1174,15,85,3196,158944,2670129
1173,24,94,3139,163678,2689832
1172,13,98,3059,152897,2590472
1171,21,148,5317,211503,3094806
1170,20,103,5668,163866,2637401
1169,10,112,3244,160483,2668194
1168,13,74,3514,166163,2712545
1167,10,69,2942,157094,2614372
1166,14,80,2803,147837,2456735
1165,13,91,3173,158014,2630455
1164,13,76,3470,170045,2807095
1163,15,75,3386,168204,2795027
1162,36,78,4752,160953,2538565
1161,16,117,4107,181457,2859815
1160,12,84,3176,160611,2681692
1159,23,110,3742,177373,2826061
1158,21,86,3032,155209,2610120
1157,12,141,4549,201847,3100779
1156,21,73,3494,162883,2706409
1155,7,78,3171,160366,2654046
1154,15,62,3190,154785,2559114
1153,15,79,3506,167692,2848165
1152,35,79,3354,146890,2440804
1151,17,102,3351,163055,2635014
1150,17,226,3413,166846,2626598
1149,17,74,2924,145209,2448589
1148,13,97,3082,154963,2581682
1147,8,83,3588,173036,2750379
1146,11,72,3030,158146,2677017
1145,9,63,3312,164055,2647054
1144,18,94,3626,172239,2766594
1143,11,90,3154,156400,2612029
1142,9,67,2841,146936,2474033
1141,11,100,3371,165233,2718563
1140,12,83,3345,158343,2644989
1139,13,75,3240,163236,2645260
1138,14,50,2865,145690,2404999
1137,14,111,3323,163296,2737836
1136,12,75,2906,144451,2452383
1135,9,91,3417,163808,2654691
1134,14,97,3961,180353,2807905
1133,13,73,2737,143047,2393005
1132,11,73,3086,148359,2463697
1131,17,56,2861,144842,2471592
1130,12,69,2900,137397,2334975
1129,11,107,3142,154322,2542398
1128,63,77,2987,153592,2545750
1127,12,84,3007,145646,2443423
1126,11,91,3114,157300,2626764
1125,12,78,3066,147313,2442674
1124,10,87,3123,158630,2619643
1123,16,77,2945,147087,2456500
1122,11,99,2932,151473,2540890
1121,11,76,2956,148984,2494773
1120,11,91,3049,154910,2532990
1119,19,97,3108,155000,2560859
1118,19,72,3518,145194,2435050
1117,9,94,3161,155379,2567618
1116,10,114,2896,145548,2444108
1115,12,60,3103,158614,2584491
1114,17,88,3221,160537,2574463
1113,14,57,2936,146997,2444535
1112,10,59,3077,148163,2461430
1111,16,97,5096,171363,2608760
1110,16,118,3654,173234,2747163
1109,17,84,3347,180255,2734683
1108,14,96,3227,157579,2572268
1107,14,82,3357,162265,2581512
1105,15,83,2898,148700,2503114
1104,15,76,3000,148589,2490276
1103,17,76,2909,144537,2436768
1102,20,63,3042,147705,2461606
1101,13,75,3363,159797,2596082
1100,13,81,2869,146262,2503154
1099,9,71,2701,134122,2306011
1098,13,68,2840,138090,2311866
1097,7,67,2631,135670,2317263
1096,10,85,2924,141700,2386598
1095,10,57,2584,135653,2278659
1094,12,87,2725,136802,2278728
1093,13,65,2928,141232,2327509
1092,16,84,3327,160096,2540721
1091,9,65,2873,149578,2481449
1090,11,88,2931,143714,2398962
1089,9,79,2825,138575,2338390
1088,11,94,2991,141487,2352280
1087,16,71,2989,149854,2506601
1086,17,67,3270,155241,2500478
1085,23,80,3471,156670,2475529
1084,15,107,3003,151391,2512924
1083,15,72,3274,154536,2501816
1082,7,62,2768,142123,2390544
1081,11,92,2923,143152,2390493
1080,7,82,2720,136257,2254999
1079,9,85,3212,145773,2344700
1078,12,77,2691,135352,2334106
1077,7,98,3235,149808,2428987
1076,9,86,3109,148521,2417204
1075,9,160,2750,134529,2267024
1074,12,78,2711,143155,2311622
1073,11,62,2994,146834,2387538
1072,12,93,2872,145504,2400605
1071,5,83,2891,143234,2391950
1070,14,63,2938,142759,2353987
1069,14,79,3006,146335,2419527
1068,19,87,3114,150789,2480427
1067,13,82,3679,163488,2567588
1066,15,88,3323,152826,2432046
1065,14,74,3117,148561,2416212
1064,19,62,3296,158665,2525390
1063,7,55,2706,139518,2401618
1062,7,68,2668,133599,2278058
1061,11,99,3003,145857,2425576
1060,28,96,4593,179475,2566118
1059,13,83,3127,151941,2516955
1058,13,60,3074,152446,2545208
1057,17,664,2962,146471,2461496
1056,14,81,3223,150996,2464595
1055,11,92,3413,165590,2662001
1054,9,66,2714,140308,2407955
1053,7,64,2702,136905,2367764
1052,11,108,2926,148178,2405830
1051,18,70,2824,143314,2477370
1050,17,70,2866,144610,2402116
1049,15,89,2968,147061,2462622
1048,17,102,3817,170086,2721555
1047,9,83,2728,139530,2313403
1046,12,57,2959,139560,2260269
1045,13,67,2699,135872,2280432
1044,8,72,2597,134226,2254796
1043,17,86,3156,155087,2495858
1042,20,100,3567,157156,2462593
1041,25,85,3947,167535,2620869
1040,7,63,2583,133245,2235373
1039,16,80,2773,140403,2359126
1038,15,77,3364,154690,2436512
1037,15,78,2713,137021,2279500
1036,9,64,2593,133443,2231388
1035,8,71,2848,141624,2366499
1034,9,66,2898,142939,2400364
1033,13,79,3083,145505,2376004
1032,10,90,3078,149807,2458611
1031,8,64,2789,132815,2247015
1030,19,104,3278,154929,2473576
1029,10,62,2614,125573,2136972
1028,20,91,2810,142778,2333653
1027,10,83,2700,134097,2217201
1026,15,76,2786,138907,2290094
1025,4,69,2671,134665,2258426
1024,8,63,2616,134065,2224097
1023,9,72,2506,127810,2172239
1022,5,63,2580,127962,2155059
1021,12,56,2461,126484,2182497
1020,13,77,2817,138221,2300467
1019,50,75,5823,192646,2506493
1018,2,62,2693,130602,2216230
1017,7,70,2596,133621,2235724
1016,11,68,2686,132413,2202914
1015,8,102,2880,144321,2304033
1014,10,69,2849,143906,2372712
1013,5,79,2586,128697,2157701
1012,13,76,2882,141514,2324952
1011,11,76,2818,137485,2292065
1010,8,66,2781,136828,2278193
1009,15,69,2632,133476,2232525
1008,11,97,2826,141072,2311009
1007,9,70,2844,137134,2256573
1006,9,65,2487,131234,2288458
1005,12,84,2798,143067,2349017
1004,10,68,2785,140047,2340772
1003,14,66,2649,133896,2247475
1002,8,85,3193,155418,2436676
1001,12,66,2761,140255,2346904
1000,22,109,4018,180052,2747686
999,16,67,2943,143217,2369326
998,12,53,2648,129576,2227628
997,19,85,3692,155887,2331995
996,18,86,3313,155856,2546181
995,7,69,2793,138372,2269218
994,12,70,2803,137937,2216661
993,6,70,2732,132583,2220620
992,12,58,2373,124311,2105282
991,8,110,2969,138068,2226394
990,14,56,2858,129113,2169219
989,4,63,2444,127891,2158436
988,9,61,2663,129322,2139025
987,10,73,2968,140004,2283682
986,10,70,2793,133889,2231167
985,10,62,2581,126523,2123240
984,7,64,2596,128129,2149335
983,10,78,2640,131780,2196308
982,8,81,2931,139208,2291933
981,13,65,2824,136630,2289650
980,7,70,2819,135751,2237534
979,14,79,3414,154980,2403760
978,10,70,2826,133915,2217326
977,14,82,2474,125781,2097459
976,7,69,3085,142375,2270249
975,9,61,2828,135604,2212347
974,17,66,2636,129473,2149319
973,8,42,2257,117757,2003966
972,20,80,2570,126989,2122398
971,6,62,2685,131409,2171694
970,14,87,2479,124923,2061176
969,20,56,2633,133079,2211803
968,13,97,3116,148150,2329460
967,4,69,2475,121200,2042462
966,10,50,2352,115370,1980202
965,7,46,2389,122129,2043257
964,10,52,2447,123780,2061560
963,15,68,3137,141987,2219439
962,12,73,2581,126528,2119457
961,9,73,2716,133764,2197136
960,10,56,2569,129546,2180006
959,8,75,2502,123802,2072896
958,15,67,2470,131097,2168146
957,11,61,2835,129545,2131893
956,11,136,3053,144650,2325943
955,12,71,2650,130744,2196889
954,10,64,2657,132057,2214839
953,14,102,3273,146120,2331848
952,9,93,3039,141776,2304925
951,14,72,2907,142335,2346154
950,8,67,2886,146270,2422941
949,10,65,2594,130363,2192075
948,11,90,2905,137929,2252913
947,18,58,3182,146908,2351804
946,11,71,2949,138433,2224563
945,13,71,2490,124224,2120882
944,13,79,3057,147665,2440455
943,7,74,2722,135763,2238429
942,6,52,2473,120907,2045438
941,16,87,3275,145544,2282851
940,8,51,2329,123292,2087480
939,13,67,2682,128408,2127595
938,10,64,2531,124971,2096955
937,11,57,2480,124141,2092601
936,14,77,2864,140160,2252623
935,13,120,2933,134376,2118071
934,4,66,2359,116726,1985417
933,8,63,2215,114043,1962088
932,7,64,2420,120969,2067196
931,8,54,2596,121943,2041653
930,8,55,2776,128480,2124548
929,16,91,3028,140880,2244712
928,7,81,2639,121873,2011931
927,6,63,2331,118446,1979589
926,10,72,2923,133167,2085580
925,12,68,2335,117863,1944019
924,9,69,2198,113214,1920852
923,8,56,2376,115877,1937187
922,6,89,2876,136052,2097501
921,17,72,2682,129993,2101238
920,7,53,2348,117181,1984222
919,5,56,2541,122864,2052965
918,18,86,2718,137216,2183337
917,10,47,2260,117542,2000201
916,11,70,2184,111426,1857917
915,6,63,2436,119025,1966167
914,11,55,2585,122904,2006794
913,16,66,2467,122530,1996371
912,14,70,2547,125332,2030860
911,10,58,2571,123236,2064778
910,21,72,2694,128516,2074354
909,11,63,2316,111558,1910295
908,8,57,2161,108610,1858567
907,7,67,2300,112189,1903128
906,9,63,2369,117171,1988860
905,7,77,2643,129133,2111090
904,8,92,2337,115626,1938996
903,13,49,2316,111981,1902821
902,13,67,2372,119126,1945304
901,9,67,2308,114451,1890747
900,6,51,2385,113132,1872855
899,6,53,2402,121900,1993765
898,8,56,3240,137051,2005739
897,13,62,2398,121076,1996656
896,7,46,2586,128068,2066172
895,12,58,2750,134059,2185782
894,9,56,2331,116749,1971982
893,9,58,2113,116062,1899696
892,17,78,2709,134155,2155749
891,7,77,2443,122132,1998623
890,9,58,2376,114859,1915593
889,10,60,2338,114198,1907477
888,8,59,2453,123025,1990715
887,8,66,2388,114719,1885924
886,7,59,2140,109766,1768281
885,13,56,2279,111832,1869359
884,12,74,2207,108076,1817654
883,15,65,2538,119613,1924209
882,5,44,2082,109226,1839873
881,8,67,2189,116952,1939849
880,7,52,2332,114994,1939064
879,6,77,2594,123497,1952277
878,6,69,2971,129139,1994188
877,12,75,2167,109806,1867270
876,19,59,2427,112619,1856647
875,14,33,2278,105071,1726617
874,18,68,2240,110655,1830269
873,10,68,2375,123684,2001910
872,16,46,2018,99681,1715898
871,7,61,2231,108666,1792357
870,10,48,2033,102000,1705285
869,10,56,2210,108562,1814332
868,6,61,2152,109133,1789491
867,5,57,2175,109516,1820552
866,9,68,2035,104919,1770017
865,13,52,2076,104626,1749234
864,11,64,2467,122913,1957675
863,7,64,2042,104949,1753097
862,9,63,2042,104765,1755036
861,4,65,2256,108644,1819899
860,10,62,2339,128867,1882931
859,11,51,1895,97729,1678945
858,9,41,2075,106176,1789295
857,15,62,2367,111971,1833940
856,5,53,1949,104537,1700369
855,9,61,2022,102532,1765328
854,6,44,1865,99152,1716083
853,7,90,2018,105158,1787511
852,4,67,2328,114850,1876933
851,8,70,2101,106132,1750048
850,6,55,2023,101591,1727367
849,17,56,2682,113125,1851371
848,7,42,2109,103845,1792259
847,8,40,2443,114324,1857205
846,13,69,1997,106009,1797728
845,11,56,2038,105790,1782933
844,18,73,2406,120078,1997556
843,5,52,2002,105717,1777953
842,10,42,2039,103190,1735911
841,17,88,2490,119648,1901965
840,10,51,2275,110586,1852019
839,13,48,2664,126227,1946924
838,5,68,2220,107897,1777501
837,6,47,2012,97334,1656959
836,14,62,2230,103846,1719260
835,15,58,2306,106763,1767089
834,11,47,1967,99132,1643491
833,8,53,1945,103152,1715510
832,9,60,2137,102312,1706379
831,16,61,2660,117332,1849959
830,9,80,2142,106206,1764071
829,8,45,1837,94679,1637836
828,13,62,1968,100644,1704198
827,15,46,2113,106164,1761371
826,9,47,2232,108626,1755153
825,12,53,2249,113070,1850484
824,15,51,2106,105359,1745566
823,9,61,2348,112065,1795737
822,3,79,2153,108789,1735565
821,14,55,2100,101082,1687355
820,4,60,1987,99433,1644326
819,7,49,1981,97667,1638089
818,13,39,1845,90205,1490497
817,9,54,2068,105276,1718171
816,8,67,2064,102402,1675799
815,7,39,1703,92977,1596140
814,6,52,1833,93837,1585777
813,4,43,1800,89323,1548384
812,6,68,1976,100498,1693074
811,7,49,2151,104155,1703788
810,8,64,2053,100608,1672013
809,6,56,2179,104350,1703714
808,6,46,1962,95319,1597761
807,7,59,2319,108300,1749855
806,7,57,1850,91180,1561838
805,4,53,2075,105602,1700112
804,11,49,2048,100907,1659443
803,5,50,2094,102413,1657869
802,16,67,2207,107980,1814300
801,8,51,1999,97006,1618941
800,11,51,2179,110956,1801924
799,10,56,2242,107519,1725236
798,7,60,2124,98988,1653851
797,8,34,1868,97900,1641334
796,7,46,1921,96701,1643069
795,11,62,2423,111043,1825105
794,7,45,2607,116809,1877646
793,5,61,2043,98216,1635392
792,7,65,1958,99185,1684675
791,14,38,2410,102931,1713102
790,16,59,2417,113336,1812992
789,15,70,2437,118089,1868863
788,13,70,2257,112504,1828701
787,6,51,2339,114842,1863599
786,4,96,2064,103000,1708226
785,6,55,1972,100062,1678240
784,9,51,2257,115089,1699421
